NAME,POS,G,A,+/-,PPP,SHP,SOG,HIT,BLK,W,GA,SV,SO,OTL
Nathan MacKinnon,C,45.68001781563124,77.79931134642477,14.070511152004501,34.47474096630298,0.02394733331050384,351.3064828055643,58.1194956782014,44.856004207869304,,,,,
Connor McDavid,C,39.53948578304349,91.1464074322671,10.436956966022553,50.82425158626566,0.24387201103785913,283.01494586987155,47.56661487196796,29.1689112485985,,,,,
Nikita Kucherov,RW,41.26965961837058,85.91301680371708,13.047675152607264,43.605515770944514,0.06590754179782456,257.25981566966226,37.183001701040986,33.67240833896546,,,,,
Zach Werenski,D,20.750300333156286,61.76617456216502,5.047907577119149,25.401252598660804,1.2396496841175946,280.6171292014804,36.11059313993994,118.49336813909846,,,,,
Cale Makar,D,22.405264909197737,63.84222636078236,9.753639902499526,33.651567943883016,1.3811807568137795,225.82523459795328,51.6032431388875,132.45450185858817,,,,,
Quinn Hughes,D,14.957029786692013,76.33562282063853,6.119097708515816,37.135517742695576,0.007718797244153036,215.59359700163708,20.681565951722305,97.89737090147247,,,,,
Macklin Celebrini,C,43.93628095076744,68.0586911936869,-1.2013090404691578,34.368268616240634,0.1450862869733977,294.8259679233703,52.644231742397544,55.54466975752199,,,,,
Evan Bouchard,D,17.791345486977136,66.28548546375629,9.46915772982843,34.71484744742198,1.4880523653577302,228.3196345505178,43.681327848682606,114.93780308212848,,,,,
David Pastrnak,RW,37.15811726165594,67.79834879609179,0.9123589597593651,30.278129657080083,0.01939396087742145,304.3101402328578,80.48835995332257,32.49139802646225,,,,,
Rasmus Dahlin,D,21.516514571000638,56.048979209261475,5.5802227750831,24.6173796200439,0.346977737138792,219.17515902074484,84.28784868547324,100.20359771448499,,,,,
Leon Draisaitl,"C,LW",45.31009106265583,66.448310821752,9.251248118126147,45.69301760205524,0.1663891979306114,233.11230224730772,39.38369976636743,23.932931790310505,,,,,
Jack Eichel,C,31.556159969834194,65.99726854087959,8.385243411397935,34.501350960433314,2.3075518106139117,285.3368960904045,36.65458382033497,48.87087039886305,,,,,
Auston Matthews,C,44.458632454110635,44.93345541356694,3.587153363623882,26.91381581541454,0.18685163787615033,312.2919821018335,57.47347644906629,88.43870696534182,,,,,
Matthew Schaefer,D,25.963000243817095,44.76172237338907,-1.1809051090840392,23.54186680163072,0.10943603624244745,231.37961364997886,46.322555681737526,113.79706764539812,,,,,
Jack Hughes,"C,LW",36.34961994347737,62.524652840535346,2.635396527299814,33.371191963321074,0.9957086640495991,299.34568935584014,12.85038265526296,38.38246324430055,,,,,
Matt Boldy,"LW,RW",40.802233065511395,51.55045566481222,5.528400987098883,29.761955360937467,2.1179849553424845,286.76698205184243,63.35956097785166,65.18068907246118,,,,,
Jason Robertson,"LW,RW",41.3845649530735,54.059336522722205,8.895498244359782,34.915236473615884,0.015482767931086397,282.5331008471525,56.246997647994114,39.46602186711096,,,,,
Lane Hutson,D,11.785470661014495,66.34418419066301,8.599644495937957,26.906464218126104,0.037517132730307254,128.284603005773,38.85870143060267,131.65506764943737,,,,,
Moritz Seider,D,10.941542661990894,48.35170801388925,2.2321092085825573,27.693520048311328,0.25879374603125177,185.86499362733437,144.7093968956308,180.55635425624175,,,,,
Kirill Kaprizov,LW,46.244871568692616,50.88742063819479,5.780520407655452,33.15883684308209,0.004566910941548378,272.08946127192587,49.20677932602686,30.125399112295884,,,,,
Nick Suzuki,C,31.486228272761885,63.51678127533826,6.842121247243784,36.10139480937641,1.0545311075268426,189.6395497343255,64.33665925763546,63.53427324381647,,,,,
Adam Fox,D,13.00186502710148,58.54216370418198,4.083290194139447,30.375561697109784,0.5014261324030092,136.44952764982045,47.044595022318504,109.97030863830756,,,,,
Connor Hellebuyck,G,,,,,,,,,31.38368189616858,156.416297532816,1578.873271552488,4.2977948684928595,7.154079525957839
Jake Sanderson,D,13.799866940770247,43.70390902770185,3.4861550145818954,23.02770917257184,1.315853849890844,178.64045904852625,49.13211161852356,154.67733793824988,,,,,
Andrei Vasilevskiy,G,,,,,,,,,34.02185859390082,142.29164310820252,1469.1717368366005,4.022918466533329,5.2445353515247985
Martin Necas,RW,36.04281439436576,60.33876296948454,9.705181939640774,28.073492262692472,0.0035095337622804207,230.54905466123353,83.6451456960081,29.91901651962618,,,,,
Kyle Connor,LW,39.445446963483526,51.57727275581931,1.2758978878128076,22.75696989929399,1.387357538690454,275.75894376576304,34.7473122805117,29.363212675630304,,,,,
Wyatt Johnston,"C,RW",43.10083120699939,45.61779320843783,5.330446086782892,36.31554534309378,0.300144614296999,226.24309629664887,56.2609988870131,53.44058447516529,,,,,
Roman Josi,D,12.117566809034848,44.19813459850768,-2.7137202770063884,22.698965036721937,0.22871563310894072,203.00684559287868,41.18721925934582,121.49835896511914,,,,,
Darren Raddysh,D,14.726168990466638,45.71498320255529,2.861944025298499,23.393947428752792,0.09816112418335067,199.21859812670883,76.06751463057137,95.61514394702508,,,,,
William Nylander,"C,RW",39.03043743534691,53.15495691959342,1.5737858472438508,29.3519518294128,0.1569338456855366,236.4698764320917,21.565187158743925,31.60570991653061,,,,,
Jakob Chychrun,D,21.313956472340255,33.41432593094282,6.394808521419716,18.60502809651731,0.06091186676022092,218.18109217040416,62.81783838854232,118.05814629746055,,,,,
Jackson LaCombe,D,12.683816776990923,45.17628448752175,-3.19050881863956,19.608664205323738,1.2943903260473093,162.5281296499547,79.06445581166336,137.12085665426775,,,,,
Cutter Gauthier,"C,LW,RW",40.785373153612824,36.89290621111847,-2.1102496794911234,24.323720172984032,0.1483600319441899,312.29662164885366,78.65402803192765,34.839940816852064,,,,,
Josh Morrissey,D,11.320837698786407,48.14840140834229,4.500033327123828,18.851425682205424,0.046122764968601876,165.53263800584654,48.66952414186472,122.59798551573712,,,,,
Mikko Rantanen,"LW,RW",31.18840255730758,60.20135417516889,6.358129489654073,36.26113427180631,0.006499967356892005,198.47782949660558,54.552691471386375,39.538999892465064,,,,,
Leo Carlsson,C,37.17090346956065,48.582086831567814,-2.147224157913599,21.587178685858987,3.9367312886279437,232.6323631008189,27.483991584310647,41.703105852827846,,,,,
Logan Thompson,G,,,,,,,,,31.76840134159351,146.08120444611487,1458.9363304239955,3.7333959803168266,5.80789966460165
Brandt Clarke,D,9.954174633647776,38.93741927248447,2.7409470266759355,15.954747681984703,0.00766206628318345,177.50501071282372,43.675571746167975,172.2972080626045,,,,,
Dylan Guenther,"LW,RW",40.10852978044531,41.512694256398355,2.797612412966891,30.567645794070067,0.2815382318967977,255.27292443859625,71.0313322431816,35.5532070497949,,,,,
Clayton Keller,"LW,RW",28.81346931161476,57.473932344893086,3.4339683629887414,30.141076510324933,0.009128674168890762,229.0370223699993,14.830057062814154,33.288765845840516,,,,,
Shea Theodore,D,9.271116429029322,50.77129136702326,6.604793214209648,22.182623795690176,0.09169256603045617,154.29452630958218,15.882650624286276,100.82458558747871,,,,,
Tage Thompson,"C,RW",40.3369843089284,38.43077090261821,2.154916581462751,22.999718498208672,0.04771158548319313,272.6924924475109,80.69327406792023,43.6579250293898,,,,,
Jet Greaves,G,,,,,,,,,29.395053350972706,148.66165262216398,1471.447499674515,3.5362497396666717,6.401236662256809
Aleksander Barkov,C,24.508377642629654,57.26702211393056,6.165928354974864,31.1005585493711,2.8156745763542603,200.05122044620612,97.94352220550206,57.864243263536174,,,,,
Ilya Sorokin,G,,,,,,,,,24.765636422966175,158.93510483861394,1560.015007777534,2.751357990329894,7.55859089425847
Sidney Crosby,C,33.21378289750917,51.61472770343816,1.4548637121313195,26.022211520579216,0.024783603364081436,214.24624813318079,69.69121773359514,37.0367109582113,,,,,
Alex DeBrincat,"LW,RW",37.40423358812962,40.324906166374085,1.203747415496477,24.485944081133432,0.030683804183132657,273.4450164485577,43.906018829548806,39.99888958720318,,,,,
Igor Shesterkin,G,,,,,,,,,27.8335385035109,148.6574282029507,1475.1368616025304,3.536572485294568,6.79161537412226
Miro Heiskanen,D,9.138764301322894,44.545328698423546,6.591667407862677,20.2316590381636,0.6993987072277998,153.05529379087363,37.66318377376478,132.64721794600882,,,,,
Cole Caufield,"LW,RW",41.70676954535593,38.4597500862252,6.343575089685646,25.98531467481994,0.004683977933488963,266.6048575840376,57.248295381852124,26.032975722262165,,,,,
Noah Dobson,D,10.586621452838354,36.545197301124844,2.675491263132347,7.971409179686249,0.6592106645828225,170.87497130421048,66.52194862604266,174.2145635154078,,,,,
Mark Scheifele,C,33.21642044520006,54.91335268835948,1.7974112297607971,21.47567688554808,0.39802516965106033,179.77095897179123,48.55833166209931,51.209370354216425,,,,,
Artemi Panarin,LW,30.926228980261254,53.90399174963589,1.9075886578163153,27.291841566483466,0.002901493332564315,245.86847857689108,19.28885144464447,18.839832013064754,,,,,
John Carlson,D,7.621500553377213,46.54313647964688,8.654641571906058,18.29143884191869,0.025033003380066775,164.83443029451308,48.31553418243687,116.12199378429742,,,,,
Matthew Tkachuk,"LW,RW",29.44674523409054,53.19492545738524,5.23119878404472,31.09404739305893,0.05402007643343817,236.85044942817268,95.92594520117606,23.075493962079936,,,,,
Charlie McAvoy,D,11.02346726790761,42.762433563114065,-0.6129484195830267,17.513404244718178,0.4249798545105055,138.74340553148258,98.19834341425438,142.80864370964056,,,,,
Mikhail Sergachev,D,10.560214180146476,42.19362864081837,-0.0229876865939984,23.333475926661226,1.0246402711190736,144.87437882518248,53.37702778574666,128.77206938692171,,,,,
Mitch Marner,"C,LW,RW",25.79652489111359,62.985967132969364,7.127518368549135,30.448383277202147,0.9171823774063357,173.96753795644673,38.34231132453179,44.63081267137317,,,,,
Erik Karlsson,D,8.892943462859842,44.40146629872652,1.4910363434513711,20.426762003509126,0.15784825748749753,180.80367560977362,38.26112467468469,92.33298861973633,,,,,
Filip Forsberg,LW,36.06349610829677,39.99028002696422,-2.4154463218038185,25.2936564307477,0.009379609222241903,270.6349804913427,128.2091286801357,40.44938031641076,,,,,
Juuse Saros,G,,,,,,,,,27.4833078371037,176.8648227403512,1623.1206523050118,2.7355275426371697,8.12917304072406
Jake Guentzel,"LW,RW",34.60278315508059,45.78200532425635,9.913464122383408,28.598644487676083,0.35155514125365256,219.1719587278747,41.26255086233299,39.24489776568438,,,,,
Lucas Raymond,RW,29.97065768719051,55.03325122030774,-1.5079464884442748,31.692961120716717,0.22034469995160672,191.1103422944109,50.322686747804404,32.54041997560638,,,,,
Jake Oettinger,G,,,,,,,,,32.39363679871638,145.57029923364885,1395.16159674727,3.77242913854923,5.651590800320905
Brandon Hagel,"LW,RW",34.14212000784575,47.04077186467109,11.792434617458733,12.213748134711635,2.670130913551594,229.48152008818576,55.02742994767875,48.853338764800604,,,,,
Nico Hischier,C,32.328455721909904,41.274551123622004,1.9290774522844274,26.190988254371494,1.4739356697029358,217.22401004131106,55.773632086464985,62.46859412872405,,,,,
Sebastian Aho,C,29.78649443729558,50.248090788531215,7.684726701296536,25.220644437387534,4.68519230767928,207.82350755106782,65.20703101183726,27.9603273893276,,,,,
Thomas Harley,D,12.797866303594336,36.69842975629981,6.7601823220876645,10.606550378217854,0.17713128447464485,151.99125231708138,47.22624568189402,142.77134268735693,,,,,
Mika Zibanejad,"C,RW",28.832254288547723,45.78653043393705,-0.8003088233573039,30.153614012201587,2.8703864939465085,224.0529431438792,87.39808371679344,52.073276896030954,,,,,
Spencer Knight,G,,,,,,,,,21.763104785186876,171.69897736076965,1614.3786550546984,1.7761981296372005,8.309223803703295
Sam Reinhart,RW,38.262697442378936,39.050318975027885,4.642520098420197,28.448360850633627,3.8798481866657593,203.89464515346376,81.04276957126154,52.02424437215541,,,,,
Bowen Byram,D,12.575040289235003,40.936414239583286,-7.818817655146978,13.529877685904124,0.8433003292968443,137.41311064502167,66.38362414788844,115.20999818101625,,,,,
Dylan Larkin,C,33.26908653494434,37.99784982306812,-1.7991033135553087,25.51542707357708,0.955332695758608,242.9584717021764,51.8489014129437,37.53068745916569,,,,,
Bo Horvat,C,33.41013123795445,33.59634014883875,-1.9379651538633949,15.314659949636438,2.171295231341786,272.7449599684513,76.13605547512098,48.124229505610074,,,,,
Dustin Wolf,G,,,,,,,,,19.942569712542177,164.41959347437637,1565.241632320311,2.3323430585576492,8.764357571864455
Brock Faber,D,12.922574977737426,31.885933315846454,3.0506784697065563,8.3621917538773,1.4410124825245472,161.24283082635705,42.74266451455686,146.73680786509837,,,,,
Kirill Marchenko,RW,30.5568783260337,43.456623266156384,4.166958161117346,24.794710881015796,0.14419706240530805,234.3370721871754,62.5466551713741,42.53618355103702,,,,,
Jeremy Swayman,G,,,,,,,,,26.748164853440084,157.5030565228802,1476.0030696399394,2.8607664816519525,7.062958786639965
John Gibson,G,,,,,,,,,26.6609825475543,155.11312846992325,1461.4818697612154,3.0433569848978617,7.084754363111426
Jesper Bratt,"LW,RW",23.634483074865877,56.78051087242735,2.3080676041842865,26.58053275954583,1.448264508598049,196.7379874933463,81.76098122375102,31.644687149692324,,,,,
Tim Stützle,"C,LW",28.80566982361914,50.43397129285252,2.559089290878359,27.671398640059092,1.0126480799259021,194.26025029829987,121.81546894952585,46.004222349066225,,,,,
Logan Cooley,C,35.32351147233534,43.244787300980455,2.381871697121699,25.454071669169814,0.6662207020552411,183.0473777353146,76.53171113036035,38.901284283593874,,,,,
Adrian Kempe,RW,34.09740110284212,40.7330957176939,0.8027811233998727,16.909209875295254,0.5646638924117782,238.9103103241424,116.14242927609811,39.29741853133878,,,,,
Luke Hughes,D,9.236287720955948,40.788036412210836,-0.26521146972256837,17.30612866571882,0.1344468749513574,169.83993498785412,31.4174415913745,78.34487879674745,,,,,
Connor Bedard,"C,RW",28.900766184963388,47.549040629545416,-9.922429956138826,27.316238902283665,0.019717667374389007,215.62683635617256,35.25573825142512,28.26074337983866,,,,,
Adam Fantilli,C,31.92345099000284,38.12234992045819,-0.06077548369133603,17.127294342935667,0.31735198138150383,231.32497649578013,123.08526364696361,50.71860039689592,,,,,
Shayne Gostisbehere,D,9.031848698756257,40.43889571559172,6.977340092845605,22.679038110274288,0.011091206564141884,139.4234150499696,55.218136758311914,88.63807309105519,,,,,
Vince Dunn,D,10.600098609865078,35.578457749773186,-6.908741137389696,17.325822273058908,0.03831692792206928,163.7261101837258,39.89721783303996,91.95801208875878,,,,,
Karel Vejmelka,G,,,,,,,,,28.623751289050222,156.2214691580829,1430.496315551963,2.958679756322466,6.59406217773743
Filip Hronek,D,7.481421185214982,40.92506638483729,-8.37735568276434,14.900566463127117,0.1289565882511184,136.47703744060448,117.56388243474302,108.46717714354958,,,,,
Dougie Hamilton,D,9.488114632749985,30.44173520379327,0.9065703498103161,14.851110864202475,0.09643275177618181,198.00044159005319,87.25561849246463,93.9228045599706,,,,,
Robert Thomas,C,27.12771831078118,52.94968081918912,2.4584929077546853,20.606679405462433,1.7129665378769199,144.7721212683405,21.724373817282146,46.87087316297587,,,,,
Nikolaj Ehlers,LW,27.829800226826908,45.50512541465876,8.613005776481081,25.747099474746754,0.01000966749414497,219.573758334221,36.1323086484934,31.017123180205452,,,,,
Will Smith,"LW,RW",30.857840322531267,45.37859379144347,-1.712786287345475,23.29380649409933,0.20081649045302163,205.46791012058858,26.491189364140187,20.0280646630404,,,,,
Lukas Dostal,G,,,,,,,,,25.432891450545974,168.0828585534494,1506.6394132808314,2.0524696065164667,7.39177713736352
Bryan Rust,RW,29.989710494784376,37.08854494801506,0.13874987363711763,21.741514173136597,1.2895385460524886,207.2023459499262,50.94295352158107,69.57152292488102,,,,,
MacKenzie Weegar,D,6.19441626109393,26.443104079565565,-1.0968649218960027,7.92118891865176,1.4159797852078873,153.49103042818848,170.24908064772666,180.2048583150764,,,,,
Brayden Point,C,32.91618327252528,40.56710421860747,9.09388483326944,24.20056740868634,0.02183297308491906,182.53156920931391,22.5669915241957,34.77969583965894,,,,,
Brady Tkachuk,"C,LW",27.91758428603915,35.49826537686082,5.9289976259551,16.975921385100936,0.21211013935833845,285.42101377382625,217.5006601282302,31.890064664858702,,,,,
Roope Hintz,C,27.844113789548768,42.25083074027701,7.97767635802712,25.606756783510605,0.5224981045507566,191.5581216000557,76.11765237074073,36.70118124690234,,,,,
Juraj Slafkovsky,"LW,RW",27.438149254017734,42.09837366440552,4.291863013757503,23.54383956034608,0.017494301361887697,180.14046549070957,131.2975428713971,73.01023577051751,,,,,
Owen Power,D,9.947311356574101,33.35464900902566,0.8462696623286283,4.789504841436231,1.4816424986833732,149.84154007621294,40.3410348747945,117.9859243973324,,,,,
Seth Jones,D,8.519800173892042,31.61741786559667,2.676893698579931,18.6591387822951,0.10908261701958091,140.87907036982563,82.89288904322596,110.43460909771096,,,,,
Thomas Chabot,D,9.041660879259405,30.332967792398186,2.534455683630732,7.9240459384461195,0.9272576574686984,140.83145213863435,57.25419904388504,134.41144349918918,,,,,
Elias Pettersson,C,20.937847628988802,40.89110587413996,-9.238151525704314,22.63719660757968,1.6221406681090211,160.50383686871078,80.87195439038842,108.53792420943523,,,,,
Jakub Dobes,G,,,,,,,,,27.654075673658802,140.342010967666,1303.71580059127,2.81787036207032,5.586481081585299
Scott Wedgewood,G,,,,,,,,,26.983588351864906,119.62349529903675,1182.3467334420557,3.0467649591535904,4.504102912033785
Anton Frondell,C,23.704601251210025,38.578642123531495,-6.496732700731483,18.532349540849296,0.0,213.78611162725394,66.20939887538886,60.80364376896077,,,,,
Beckett Sennecke,RW,27.340653858716873,43.63731728790239,-2.8341209568222383,18.136498553560298,0.03339007736116088,212.42996046924407,95.93510197606078,27.0570243601884,,,,,
Pavel Dorofeyev,"LW,RW",36.778207485753626,26.826589521074993,1.6526614253982443,27.766836862994587,0.004518063971650775,232.6281926207302,34.33080222817962,31.66635028528992,,,,,
Philip Broberg,D,9.659302611115368,33.050332863970034,0.5571878465947399,12.754307405254785,0.16573610709023384,124.67670056238887,49.03334188513972,114.89325851468729,,,,,
Cole Hutson,D,11.116165207644375,36.175881337046484,2.8484535543450327,24.07078675381544,0.009889921204393692,112.85842376080257,89.25841898534568,75.88170675610985,,,,,
Dylan Holloway,"C,LW",29.49192044865564,40.14125204900566,2.0215185265051296,15.508286548008678,0.19166580661837826,206.8260769547751,152.43954503893616,49.8873194314915,,,,,
Brandon Montour,D,10.70232354304479,22.886957844135633,-8.688141087435959,8.02602865988054,0.04950445071443312,199.7975048405175,84.52673497777504,99.31228097229265,,,,,
Sergei Bobrovsky,G,,,,,,,,,28.219856875754058,150.9072062419003,1352.5502780015827,2.406348803158295,6.280986458153784
Nick Schmaltz,"C,RW",26.62446131425753,40.727279335907134,2.6100257010805685,20.47121744510842,1.7416898106434384,194.0685505002661,26.26199824195832,49.96861004930466,,,,,
Rasmus Andersson,D,10.426535298055406,23.185807988956803,2.9664394754094543,5.450615159895382,0.551286787785651,151.19249877469986,45.19432201988802,149.65433938815653,,,,,
Joel Eriksson Ek,C,24.480991227977125,34.71448188167109,4.813355888579467,19.16133526330188,0.36912238016487586,232.7507647281807,121.72707209843747,45.38151776645797,,,,,
Alexis Lafrenière,"LW,RW",29.218322637768484,38.71887607089782,1.2955265224421506,20.71141996781291,0.016778410930604528,199.34383372244645,93.20122288444588,37.87578150990075,,,,,
Dmitry Orlov,D,5.736517437388376,37.85411255352895,-3.388459930612314,19.062525642902692,0.07936334314267532,117.86600887956374,120.12470143167616,89.73597989733402,,,,,
Dylan Strome,C,23.8795912103802,43.744336641555726,4.383635561632848,24.720997122771028,0.03246590639185744,156.64902098031342,22.014575430567582,54.67721927231618,,,,,
Alex Tuch,"LW,RW",29.506549680909423,31.909909484214932,5.798627059811164,6.7445613235521105,4.4910984050139735,196.40336763660895,82.57620412627794,95.9255055171654,,,,,
Mathew Barzal,"C,RW",19.528645280692594,48.65291698071031,-0.27782694928577367,18.748437134726384,0.023477143000713116,187.35489480665763,36.02353303970132,48.39909239516171,,,,,
Ryan O'Reilly,C,22.98535283271962,41.5987232683239,-1.240173667354101,19.227169621560055,1.8121875229358195,166.540421834788,23.56152737635088,69.3660696452876,,,,,
Noah Hanifin,D,7.775810099920648,28.026952508190757,5.87450065677274,5.826954866938801,0.4105287777861319,151.2419132484303,47.79929595354799,126.98310763049832,,,,,
Simon Nemec,D,11.68050753418622,26.109753828821496,-8.831589964613517,9.795257428579731,0.06226283309418409,139.93568187200395,33.22610686358379,118.77971487279511,,,,,
Ivan Demidov,RW,24.561992413312204,49.54774439777774,3.122162364991707,25.44506050240846,0.007573371623182139,154.25230507657767,42.46098150861208,31.01153242381002,,,,,
J.T. Miller,"C,LW,RW",22.539047176313478,46.47933768044978,0.04507300567181586,22.243489613904803,2.1278626581996445,170.11089416878409,153.7703641265117,47.33191256765714,,,,,
Darnell Nurse,D,5.275452000745784,21.07687010500238,-2.186069245623116,0.6557361148503695,1.379304622535471,163.34849168066017,141.59356899336385,177.92033603669586,,,,,
Mark Stone,RW,24.131767173594874,46.70302872946567,6.06110328392505,27.298704749784477,1.9710870985930868,146.56532151695376,38.99656809441436,48.956787151890175,,,,,
Andrei Svechnikov,"LW,RW",28.08348836493612,38.84726158150752,5.700911307906384,24.93600188133316,0.002084597058741818,204.71498465956037,150.80642256625737,21.997696836938417,,,,,
Quinton Byfield,C,27.60145606335567,35.87365398630382,1.4455623522751793,16.20521612909049,1.0991200143881672,201.97281682432921,73.39801226458319,43.01273237400349,,,,,
Jesper Wallstedt,G,,,,,,,,,25.643467471567558,120.20763642994314,1166.6708293118022,2.885885141015034,5.14441250676963
Linus Ullmark,G,,,,,,,,,27.487160326496102,131.4430047517825,1221.78504744963,3.4977544369638154,5.628209918376
Travis Konecny,"LW,RW",25.991665975624937,43.151181121510724,1.0457078756931237,14.66172114716865,1.303428474421854,190.23410467156197,101.06524308300297,38.37057971881325,,,,,
Steven Stamkos,"C,RW",35.19959076152056,27.39997708967662,-3.2945552924303985,24.7655016189204,0.020430199326361483,209.92702144444334,82.8442442522019,40.02868757479781,,,,,
Rickard Rakell,"C,LW,RW",28.882783987438984,31.619414334331314,0.5726278802632286,18.25019247370079,2.1551900927074863,209.12747922524252,97.02898753009794,61.04400592732228,,,,,
Zeev Buium,D,11.147144542310434,32.36661297388573,-12.62760343009633,21.580158989011007,0.12255052484350533,108.86508992052603,48.550976237652876,83.4690396140214,,,,,
John Tavares,C,29.112755897434262,35.74360699743905,1.579886502542001,14.44169251226618,0.01496835323907201,201.437651016558,81.86754256955564,32.596037187575405,,,,,
Justin Faulk,D,8.035819366604887,26.816076257644827,-3.1442890681148645,6.717364202080039,0.8508844688396299,137.48097419911687,77.18168801502848,130.35829506775764,,,,,
Zach Hyman,"LW,RW",36.53020201705852,25.055340280512894,9.655819000625257,19.89605449448689,0.1788695379163952,230.26615033503265,69.78738382465295,28.224049838318333,,,,,
Victor Hedman,D,7.588360678232772,33.04561661999718,6.789129333937545,10.03273063671349,0.03961473182917152,119.25160764443685,49.263828009563525,101.4186035802822,,,,,
Pavel Mintyukov,D,9.874724796553176,26.446156346272666,-4.901347206013392,6.699074011368456,1.0790103718503505,115.68583678397265,75.04680623771232,134.7210530615348,,,,,
Jacob Markstrom,G,,,,,,,,,29.129465540625425,144.55297705682912,1274.0145509152985,3.0377525528582545,5.717633614843645
Jimmy Snuggerud,RW,26.088953908914657,37.73893452391891,-0.39157685907427214,14.612218026054059,0.003536121784398528,201.85977278790574,79.6161339060303,44.530994106547254,,,,,
Jordan Kyrou,RW,28.229569901972507,34.07471726891713,7.682023917647253,18.16123750753219,0.009401339917122963,213.570952613629,31.038590726400642,33.273787882405706,,,,,
Timo Meier,"LW,RW",26.921357143045736,25.698284678368218,0.29759354302153757,15.497216056155473,0.05990516515142226,256.95665606438325,123.32035971718308,52.72049142126205,,,,,
Morgan Geekie,"C,LW,RW",35.1455118209063,30.7170927987193,-0.9898177655771582,21.69744754983319,0.0022591363983741715,181.29902156169837,112.5777142759687,35.619950871163006,,,,,
Evgeni Malkin,"C,LW,RW",20.98132588129319,43.95150618441542,0.5296371153944612,23.541264942911557,0.0031146623935852475,182.7780088334742,40.937638323632235,34.38047747284312,,,,,
Matthew Knies,"LW,RW",28.09301522489808,41.08154436652292,-0.6271306926353556,18.22149303064648,0.5910345035093935,161.91903543468823,161.4672714865367,37.07749494977109,,,,,
Joel Hofer,G,,,,,,,,,21.76195581873261,129.1225200718194,1219.147423038018,2.321039466513,5.80951104531687
Drake Batherson,"LW,RW",27.9460368309243,37.65373476494145,1.91587789878523,27.115317760026933,0.0094574780676723,172.31459412646328,121.88395480238417,26.421975055582777,,,,,
Tomas Hertl,"C,LW",27.603027190391266,32.595125823878874,3.326488302192471,26.151847321339456,0.1524227642121571,194.17934052587455,104.04223342156051,47.19727313039263,,,,,
Zach Benson,LW,22.322227651315615,43.421362284611355,4.62918513020278,15.776663508224775,1.517802077866221,186.2485819012578,53.4480882160162,35.29340875161027,,,,,
Mattias Ekholm,D,6.587703080671547,27.084537279263984,9.034239299512821,2.617702886855385,0.24694342877523298,135.9994227355288,69.95697291005243,121.25747328202719,,,,,
Brock Nelson,C,27.28430023752141,29.87227011223983,9.820617731601608,12.520536457765356,2.111196656503757,192.9594835498136,42.08776772642342,58.06535642248545,,,,,
Jamie Drysdale,D,10.172221390881584,27.27986543754035,0.20331358032007965,12.761215119369435,0.026005797007004637,112.21643436905505,30.21132771401174,100.88333116405656,,,,,
Michael Misa,C,26.894007904760922,36.6086064975043,-1.742655570474475,24.13899462374825,0.008347043728285802,150.80702702578625,44.060324367285844,42.94594324248852,,,,,
Travis Sanheim,D,7.743844512109836,24.294868197924714,1.1861046795121575,1.3242487869602244,2.53442177807476,109.14984884515923,60.19845559105877,153.49367836448246,,,,,
Simon Edvinsson,D,9.960625839760514,22.77924343040076,0.04488902959731821,0.5733537126842477,1.1097935223406097,105.47345801396021,94.49070276408193,157.27166991776284,,,,,
Alex Nikishin,D,10.43111197855797,24.290468029223085,7.66733871141509,9.396021531514199,0.6334058669064837,130.25081575365297,124.68993299117274,103.77439656185702,,,,,
Ivan Provorov,D,6.197788697271965,24.33543752476349,1.7765269696380297,2.522874018417617,0.8931441117637164,130.32312336127646,38.47195483362378,140.55685992656606,,,,,
Dylan Cozens,C,23.641907084777696,33.419992105956474,3.125126287740929,22.212827810281375,0.09343664273658385,201.82028504946786,195.19980127052648,31.579872966111243,,,,,
Tom Wilson,RW,29.174247189901266,31.501211089972067,6.199896184716012,14.033637161188247,2.590548166768982,176.39084810403133,199.06792440943593,62.551787574847445,,,,,
Porter Martone,RW,24.946273314235683,35.49474576195949,0.9753503828864938,21.230689187594532,0.04599523252465362,199.96936169028882,104.54637463528128,30.640249809581643,,,,,
William Eklund,"LW,RW",19.450913287600937,42.28870052562877,1.1713524213790116,19.57465053758623,0.3534593814609644,175.57719846326356,66.83112320867833,49.14417823409851,,,,,
K'Andre Miller,D,8.488786381086875,27.129961369228347,5.230282975078829,3.0358194824852687,1.2794063763952914,127.9608916117868,110.8327226140494,107.54350108569649,,,,,
Anton Forsberg,G,,,,,,,,,22.03733839573548,125.50612598982,1176.7564028954296,2.597331974377752,5.7406654010661295
JJ Peterka,"LW,RW",29.746861064118338,34.306717159031045,-0.3538469835327226,13.946101763294067,0.47891190182954213,194.25473911932042,30.50637695350616,23.93469718595506,,,,,
Gavin McKenna,LW,22.66175178518537,42.19184648829132,0.2897560975609757,19.795097845976038,0.0,170.8177124811643,94.6473922613808,35.31707317073168,,,,,
Nazem Kadri,"C,LW",22.014558598295512,33.45838380402834,5.740577156430606,22.76108405990566,0.03363195427809045,225.4831750925802,53.0490495749114,29.586349691463887,,,,,
Jacob Trouba,D,3.4424286735982053,19.47489218927462,-3.868303081407116,0.39188103668526986,0.701610354251198,136.27449529960478,145.31597837752142,170.45079749232792,,,,,
Gustav Forsling,D,6.421162776648852,25.407751205393986,4.696553364099562,0.7215168258912699,0.32716468683733313,144.3401668427409,68.63662053624012,108.13329847585109,,,,,
Gabriel Vilardi,"C,RW",28.83207196604383,35.00970347071708,2.050986285954144,23.204121798762728,0.016805259421687674,152.0558654866451,24.445050401713083,39.953887776061435,,,,,
Morgan Rielly,D,6.841610958164249,25.975477792023717,0.19977292141038722,5.4378512713157425,0.30054979286430555,121.25818207556723,43.126470257132134,113.5455399558565,,,,,
Cam York,D,6.553995446897742,22.570364858470967,0.3088932886163805,6.603039150161643,0.4576265427063035,104.2664155106114,50.36844461211417,149.9392833743084,,,,,
Brady Skjei,D,6.0819356530105715,25.766917857407403,-4.310076049718125,7.500756633957322,1.6440101469583583,130.57700994528983,72.4535817274773,101.5350648479172,,,,,
Jake Allen,G,,,,,,,,,22.73722380505809,125.22147899001659,1155.3493489204996,2.6190790051627304,5.5656940487355
Ryan Hartman,"C,RW",25.080934943630318,25.036825909094144,2.960675456964582,16.799051429200432,0.020363400110011583,202.24772518420247,75.50421603042857,79.17614796539007,,,,,
Devon Toews,D,5.524547801705074,27.5740018052264,9.588662473026684,2.1854448288456525,0.2474052441505216,125.09900558977034,46.561441394366966,105.43841221692796,,,,,
Joey Daccord,G,,,,,,,,,17.56072061545878,136.4919449562405,1249.0020742395286,1.758015405343224,6.859819846135305
Mattias Samuelsson,D,8.748145071091972,21.828512853018854,2.341276421229977,0.12517804286279918,1.7450434730372721,102.76172298496095,121.64752295175866,143.76844288395975,,,,,
Marco Rossi,C,23.51002310445034,37.03313774141287,-8.786596892229062,21.089238428096127,0.4427503982440555,141.8252963721107,67.91907198709902,44.879540907282745,,,,,
Kris Letang,D,5.354116555934311,25.739334301574402,-1.6583253130112432,6.452029442325059,0.06898827532762182,124.34512765608258,105.36726659138206,108.75379786637241,,,,,
Kevin Fiala,LW,26.83683834657037,29.88679352789269,0.36017077311967416,19.947858934409403,0.023530178398245654,206.00896055032942,57.79634074035788,30.039342354458213,,,,,
Brock Boeser,"LW,RW",27.573981000225377,29.810308659585278,-11.921798493130314,20.818724167255517,1.2375867427931135,183.31831379238182,67.02430937869373,33.93096298360743,,,,,
Mike Matheson,D,3.987873079845996,22.70756055850329,0.37863820626189487,1.2152884085693536,1.0642522125716658,110.22750860378325,64.6435611628277,153.96492828360843,,,,,
Dan Vladar,G,,,,,,,,,23.15196402201198,121.70105534716426,1118.9224994160645,2.8880393714766495,5.462008994497005
Seth Jarvis,"LW,RW",27.635502971253366,30.66954510073362,5.479028610029409,17.053143679121195,3.7754169776141877,180.29613612234203,72.0403839835308,30.49293602067366,,,,,
Matty Beniers,C,22.879588015454157,31.289481478201054,-6.725578082236321,12.465017809349082,0.3906007965510511,161.54423068925124,41.140711169407794,72.88898954188693,,,,,
Jared McCann,"C,LW",25.57541903411207,33.043688397722256,-5.383577518451369,18.59649505763297,0.09584147794860455,181.5896147753854,58.24032445309318,38.47577354702402,,,,,
Jake DeBrusk,"LW,RW",25.756754183623617,22.80111299773346,-10.673047650712759,22.890004825396296,0.5656957145003801,218.44071899245273,82.92869699376298,43.71747950629723,,,,,
Colton Parayko,D,7.075166955813053,15.697598506941349,-1.5667050631804327,0.054653124076340945,0.6744581606860327,114.0550155440083,97.225631585158,170.88536612166894,,,,,
Jake Walman,D,7.762913653457609,19.218971956977263,2.7380928625766505,2.1892105233640993,0.6019211060594918,129.24591424208487,44.53891234217029,124.76591938196925,,,,,
Denton Mateychuk,D,12.518851666183442,21.879549187677917,2.338529196484616,2.4797292847284775,0.19686572666654278,99.73004697745863,44.26246777841711,108.06812391775392,,,,,
Artyom Levshunov,D,5.006707247294667,26.020941949368666,-11.434957147361926,8.90383478227494,0.1681125118636376,115.23341730760076,107.39075214945285,99.56212778118476,,,,,
Thatcher Demko,G,,,,,,,,,16.012374949918215,143.4554813900277,1286.041442414292,1.226001221801883,7.246906262520435
Luke Evangelista,"LW,RW",16.50114966976229,41.03135160232399,-0.26451499782776644,16.001519003395106,0.008426548336491462,192.5551510372803,33.01664790310803,23.951862293160776,,,,,
Sean Walker,D,6.116240607988281,17.446239890549073,6.654188715440867,0.2940523965855743,0.40186155092972925,154.15674585872947,119.47276297429951,119.78733882866423,,,,,
Trevor Zegras,"C,LW,RW",23.737980089508728,37.24596052868937,2.1935727981374966,16.692848199898933,0.022977807819037438,163.22881865658474,48.90860194350712,29.509417685864737,,,,,
Esa Lindell,D,3.505158181150675,22.513451955784376,8.16363049133696,1.1611262806806044,0.9872078236660514,83.9622846150676,50.328143697625556,170.81425198632257,,,,,
Jackson Blake,RW,25.006656612789854,32.6713528099432,9.390277439474103,12.385405015249564,0.029994938119173933,184.02827637743272,25.82308378032687,36.47795062140622,,,,,
Patrick Kane,RW,17.835010174240743,38.58372416728779,-5.151658749911768,20.476760748148646,0.0,185.2721185482054,28.755970227807406,26.65127819997081,,,,,
Mason McTavish,C,23.203802045233033,31.80582721482533,-2.6842839242249115,13.64108688087335,0.10431725330295258,177.08082198115127,98.69289632098288,37.205511076808946,,,,,
Brad Marchand,"LW,RW",26.032540220068384,30.44582060779389,1.8705989747252185,18.502133023846557,0.5043170290621117,182.4354332067806,68.3371234220018,28.62940739318425,,,,,
Matvei Michkov,"LW,RW",23.46340967307495,35.39337824667499,2.037709941983416,15.429520254684064,0.0014258902158776016,180.66388269487487,39.73282673818965,23.261071670424815,,,,,
Luca Cagnoni,D,6.126969907980559,24.583095006237084,0.5127073170731706,4.959635721784604,0.0,123.64846405818297,96.1378536585363,93.40975609756129,,,,,
Matt Coronato,RW,22.926135689330373,29.204615604261466,-9.882401405327856,16.88634759819045,0.014314941232077778,207.1945965300546,34.34250083804619,29.51723967886818,,,,,
Jaccob Slavin,D,4.717408972850552,21.504463700440606,7.135099763925475,0.1007391821529194,2.685054348417841,118.86758321493573,37.923816165827866,124.81109282468367,,,,,
Ukko-Pekka Luukkonen,G,,,,,,,,,23.5124480176443,129.18350639914786,1140.2136518787945,2.316380111105103,5.371887995588925
Ryan Nugent-Hopkins,"C,LW",19.632933883043417,36.969703452351254,5.727207460763615,27.8082076327284,1.2189149946763067,155.35133843616111,36.255186249769025,38.00084976828069,,,,,
Carter Hart,G,,,,,,,,,25.920071699583193,118.21768804646234,1056.4732298086471,3.154168633250277,4.76998207510419
Sam Dickinson,D,4.615077087680628,25.798834636470666,-3.3919631857896566,9.235208430653913,0.12646385067664592,111.29244065980248,83.53997363582262,91.26392624860657,,,,,
Vladislav Gavrikov,D,6.733047421827095,21.538726736385243,0.14744310399404087,0.8801000673577278,0.5889427370079728,112.22312754373188,52.57243545313163,118.6090066173928,,,,,
Sam Bennett,C,23.76973144326732,27.607117058878853,4.229113482329277,8.667261951431948,0.12948423044971197,197.23887246128683,127.26853715472892,38.18124908037677,,,,,
Sean Durzi,D,6.557292774599801,23.22255332648439,-0.989988487478843,4.5469524783075785,0.04890340037715379,101.57443616904686,55.200931284654125,111.58744051525362,,,,,
Owen Tippett,"LW,RW",24.712858038771824,24.07522242871677,1.3630248299011969,6.0464203248804065,0.5611708768891093,217.88810708261866,147.40277438470173,53.73355786022064,,,,,
Sam Malinski,D,6.404872222383983,20.62184125787707,10.103809203928684,0.9417946881255801,0.08026858826098232,138.38277635888284,53.00605084298951,98.0205547999767,,,,,
Neal Pionk,D,4.860190869350593,21.315755831445152,0.7151343469281478,6.831820076175575,0.427243872822977,121.2658843531495,126.71665467473899,107.32172012772033,,,,,
Matvei Gridin,"LW,RW",18.380039533545816,34.29586989057585,-8.992036393262048,19.993289141317646,0.020064651435235854,161.67569666504815,41.58136963867744,52.34533385663067,,,,,
Jake McCabe,D,3.0727209785408496,20.958326460029177,0.8973725467940554,0.37176721008481806,0.4743233694529152,72.10323537802968,115.57200300679087,172.65212582239954,,,,,
Olen Zellweger,D,7.508428505534465,17.39324834092061,1.8980004982338634,2.384630123900358,0.14174595773154383,134.58457774225295,50.39240533083526,101.52290661081122,,,,,
Dylan Samberg,D,4.186652279733235,18.80136477010391,2.491449467709769,0.1496560163453763,0.1452342402454484,108.80937028914883,70.59849647791779,141.96955885883304,,,,,
Martin Fehervary,D,4.9209114111529315,20.406525612489414,3.197188465444057,1.1333285993202544,0.7425519892525912,79.27573687990115,120.64197152244397,154.2863440188416,,,,,
Aaron Ekblad,D,3.372414728679451,24.401743728460616,3.1336562583962353,4.024970742531399,1.0414950286119964,103.401079760587,93.80363669927996,108.79457297710509,,,,,
Logan Stankoven,"C,RW",22.79301758975048,30.1798321394466,8.393782055190597,12.803625818340256,0.03287226834460888,192.9041527015621,57.94537980539962,28.885084035721132,,,,,
Tyler Bertuzzi,"LW,RW",27.81170867155229,26.605758029868326,-7.125204421455521,20.296754567021832,0.0008717781138012416,168.70801020859997,63.21914424631462,28.87913575631575,,,,,
Brent Burns,D,5.282321407166346,17.95195828276168,8.824328109446174,1.6031696898456878,0.0797845921888848,147.1076351354032,37.078386165337115,96.4934622749317,,,,,
Alex Ovechkin,"LW,RW",28.118258245724235,24.477612982934296,4.385721265733794,14.050876395688329,0.004097691945879443,201.4100488431435,117.07336021338531,17.58525887692867,,,,,
Matt Roy,D,3.374328077042738,19.600699401344798,4.266579893659294,0.08664259032472661,0.27115095579877,98.82164538802448,116.60916785203541,145.58982375655734,,,,,
Jordan Spence,D,5.766740687850576,25.49012200237182,5.782236539101812,2.766424224899533,0.014873345250380704,110.75108524453265,70.72299431686464,77.82675979283154,,,,,
Josh Manson,D,4.485343030316115,20.79282269698769,8.001104040533372,0.14914799396639905,0.5169420317551322,121.37337974609468,157.7734332034487,106.51707880727923,,,,,
Anton Lundell,C,19.794724838487653,30.355098204111655,3.6377470291019436,11.280220500436684,1.885766379590254,166.1429666519562,95.99636609286412,44.36847920696781,,,,,
Damon Severson,D,7.496313557904976,21.95660453756833,2.9661806765735363,2.6133782353653827,0.14993809518473208,96.84348055881982,50.86793398957183,98.84667606417197,,,,,
Cole Perfetti,"LW,RW",19.96193346448005,31.020472368261142,2.0792651272127727,15.757697781717248,0.005257926923917757,174.16490895685226,69.43299262494321,41.29052704728981,,,,,
Valeri Nichushkin,"LW,RW",23.675788154931478,30.150381992627732,2.7574619992945975,10.166712305579324,0.7588513887198318,177.98711786361937,68.43841520879043,30.014429390070553,,,,,
Anthony Cirelli,C,23.02337084374724,29.131992406632055,10.035146877396942,6.11648926723192,3.979002152006934,142.94231423435195,52.69664549156527,58.358535130354944,,,,,
Brayden McNabb,D,4.435993757652507,14.159415906161984,5.358662084234228,0.06660089509185937,0.731991518671641,94.69438678377983,124.91884539843578,166.6088948505636,,,,,
Pavel Zacha,"C,LW",23.7410622428185,35.19498705181357,-1.2129853772579466,18.097357829034053,0.45056758713450384,140.63542370375933,70.14377137635829,27.841243535991048,,,,,
Alex Vlasic,D,3.5924881323790334,19.321843194529066,-11.266698778219784,0.2760933886533675,0.659307029489078,95.045870763756,49.39410430388106,137.96215194249376,,,,,
Janis Moser,D,5.775089421947783,21.02890514129156,8.945602965074409,0.25194037382706536,1.804800738480455,102.2419825157433,68.28316484764711,104.44545070116311,,,,,
Aliaksei Protas,"LW,RW",24.957143345086873,31.90997222170263,6.511668289636683,1.4289936195917883,2.9417156168174534,155.83846929592153,37.932412752758694,41.8961506098024,,,,,
Josh Doan,RW,24.073184443376096,28.220997436803184,2.8569313650997183,16.1057106067093,0.008475466122852665,169.87182580842943,78.31403571366056,30.968255355475605,,,,,
Shane Pinto,C,23.189499292963436,25.037177293867714,2.7086464040216494,5.990132766666865,3.7247000239884227,165.93040702024373,91.79247328215301,54.95797448807488,,,,,
Mikael Granlund,"C,LW",19.950789478438335,34.18870602747502,-1.9164946103555276,13.900574165630063,0.6501350847037886,146.93493176866653,52.843838723303094,54.206316113897124,,,,,
Adam Larsson,D,3.590200834831013,16.03673518311385,-8.771166823189601,0.07507722505605641,0.22218147893424306,95.90190750340801,105.34158759855691,153.52615873902877,,,,,
Hampus Lindholm,D,3.7499878414717838,20.55126346914799,-1.2578420262006575,3.7774497255441504,0.11314009470873346,101.73020909749467,33.94834572241965,111.76089493733089,,,,,
Cam Fowler,D,3.4206572645970335,26.29884893760998,-2.9173767588567543,7.535144451172672,0.4168125352036104,83.8905656967838,26.35311745757045,88.45339342431302,,,,,
Tom Willander,D,6.611579380233563,21.40824805839049,-12.4469258172978,3.825103929651875,0.15420150092060844,83.57479971659076,55.71011141004849,104.3720961832345,,,,,
Viktor Arvidsson,"LW,RW",22.810598644017812,26.073961560646726,0.15954813575619484,11.685541520542913,0.0,188.41726430760224,35.72789717891039,35.160552134968164,,,,,
Oliver Ekman-Larsson,D,5.4277183729038585,22.724300234187883,1.0262892622713315,4.818873151738983,0.06297840111605098,102.42732676335999,86.4694114931078,80.3724132602996,,,,,
Ryan Pulock,D,2.277042459237841,18.199840081142032,-3.4599783098749337,0.15411414157030465,1.0482333714158238,82.78182207461076,71.9745294922772,153.1769124614282,,,,,
Drew Doughty,D,5.390068354650303,21.24483917175605,1.3854254334995948,4.6171716962571265,0.347293040914181,99.36360900557021,58.243967527240095,91.923557317666,,,,,
Ryan McDonagh,D,4.170853472385617,21.638105173482604,8.231736694637547,0.26149261721092126,0.9926085822726816,69.88772022036108,43.0074980056597,131.852926914505,,,,,
Jonas Brodin,D,3.6003037772418116,17.065928216786585,4.62986569789735,0.1066726595896886,0.40003103825846537,87.13675545361306,33.46456866100048,144.34876341081616,,,,,
Carter Verhaeghe,LW,21.900088388106838,28.8354724778757,4.548248871044544,10.405458849111188,0.037750059113605204,190.96169805413683,74.87443834301786,25.034076286956797,,,,,
Marcus Pettersson,D,3.593796785960753,20.351445872798653,0.2266241466473461,0.05443596023024483,0.12200908539652502,71.81947943723668,81.74193461220477,139.6557391255451,,,,,
Yaroslav Askarov,G,,,,,,,,,21.36899511917379,139.68266742920204,1167.129788531886,1.5142442084089651,5.90775122020653
Vincent Trocheck,C,18.679753359003595,30.76254101847667,0.3720604063854221,9.15786386209325,3.068288646991891,133.38977240389434,185.1015078155494,59.20149803213143,,,,,
Rasmus Sandin,D,3.9364685462253908,20.68958178742545,3.4687195678921814,1.683026416713255,0.10062994556509024,83.16715865372443,88.8991674181701,119.38643139707644,,,,,
Ryan Leonard,RW,22.259273114908297,28.194215993140073,3.691934372631436,15.769786526975743,0.00491606345588321,167.18213352918107,124.44061444018745,28.967284840583975,,,,,
Alex Romanov,D,4.466700327157853,14.653143539475954,-4.665746098796972,0.07368745445458108,0.4494074164541511,95.50012519811048,118.98767232753184,138.97548169125383,,,,,
Arturs Silovs,G,,,,,,,,,22.4983319408298,134.4485763112986,1122.4067319913815,1.9141287698167877,5.62541701479255
Braden Schneider,D,4.313996688363398,15.834487357597245,-2.358116311634215,0.3145871663804765,0.9128448746831594,95.14703018924273,138.27576856821966,130.45635291937307,,,,,
Frank Nazar,C,19.182462677646658,28.075842873051453,-7.9102788925290275,11.19326301344703,1.0452881774131642,150.2063444194529,49.90478148915174,49.14141052105994,,,,,
Artem Zub,D,3.112194057698432,19.460063168413168,2.885831967354152,0.20667639869530272,0.6257104017553171,82.09316639476917,75.30031898688735,128.16256221680365,,,,,
Alex Carrier,D,3.5808218799706832,16.418716777608868,1.9694044626557528,0.044032433287406525,0.5825685651930764,64.05931918437771,61.31483527338266,159.25741183698497,,,,,
Tony DeAngelo,D,4.634867340092688,21.1353934184375,-3.9410498035170947,5.513324298453197,0.011254374706799766,112.98653606574068,40.35070931773878,65.43674379800167,,,,,
Pyotr Kochetkov,G,,,,,,,,,23.721096192849803,107.47404780264681,945.896439832464,2.6209827478777843,4.06972595178756
Sam Rinzel,D,5.407255662627992,17.36071571423715,-7.118434838079305,2.737572524632381,0.08671404753387682,110.06930131780618,69.51053637090432,90.70809717108683,,,,,
Jordan Eberle,RW,20.628913872723025,27.851071541667487,-5.325529037098113,13.40105929516224,0.03918876179468768,160.05924404179783,50.70250091769562,40.64352761607604,,,,,
Mikey Anderson,D,4.313555839365653,17.98975460311845,0.28696455325848813,0.07307566883231979,0.10521896061519652,74.76989041859056,109.92194763576985,132.25805967216098,,,,,
Charle-Edouard D'Astous,D,5.718820090708692,21.864107598117474,7.33151812494081,2.6437748943486747,0.040588611918365214,84.72193471538881,97.1879818463731,83.6274771992088,,,,,
Jack Quinn,RW,19.200067181528162,29.089108347060876,0.6264252015835217,12.960637127593895,0.06589638638604416,171.3134608790706,52.48884226472157,26.196069176364965,,,,,
Michael Kesselring,D,4.513946444876337,16.425021699119718,-1.2792430976423526,0.0023935661904967856,0.3179568468315853,114.92812542167326,78.52381833460413,94.94761768132695,,,,,
Will Cuylle,"LW,RW",21.488558899142554,23.172552453515333,0.12825108233631785,7.352767960741383,1.2629162619856884,164.71585955852885,287.86715428864136,62.492095996806775,,,,,
Mason Lohrei,D,5.671536549507818,20.05980786865978,-2.019457060809275,8.310019469388001,0.02016614795577175,74.79918647186139,41.935434944993716,89.54468788108473,,,,,
Pavel Buchnevich,"C,LW,RW",20.167423510400734,29.747201601935895,-0.8965382563826627,11.813456000141679,1.3094939503782403,148.34951881707775,40.38276166671412,37.529615173749455,,,,,
Jacob Middleton,D,4.1314815006461165,14.605468735359112,-7.997206420447708,0.0296217511839574,0.3116968978625455,76.56967510704125,97.94401755254478,144.35440175013687,,,,,
Kevin Bahl,D,3.8391901215456823,18.012247266759804,-9.444005583450496,0.8195170697173878,0.717793242199477,78.17909218078434,118.51039519218384,121.19502223090944,,,,,
Adam Pelech,D,1.0345433247237033,16.727757411507678,-2.808974020752236,0.08464245638734787,1.1515633562493488,100.3646650525862,73.46374892301742,122.2605565311318,,,,,
Kyle Palmieri,RW,19.57761938478107,24.432821513387566,-3.358055206699665,13.71095129438856,1.0490876041706891,178.72381820495573,57.31958329243251,35.22641542725277,,,,,
Chandler Stephenson,C,15.157135918817726,34.569747191626256,-11.990597652112188,16.38770743126731,1.9832797024555708,99.24095017197568,33.12233317106075,56.156139656063544,,,,,
Jamie Oleksiak,D,2.472176471005727,13.276882175241719,-9.301943968664224,0.02132490356474308,0.23670312583648226,83.16705225887733,117.6009147845801,151.88408800980105,,,,,
Alex Laferriere,"C,LW,RW",19.864131232340235,22.843866466506263,0.9633927614278541,5.191460935863068,1.6470104318991572,191.31030257725178,190.10639611774303,45.317344796717165,,,,,
Nikita Zadorov,D,2.6037255547312013,17.954253501034326,-1.8564277304468841,0.0552289096064986,0.23415904246889158,96.22800702314301,182.10461482753246,109.70632884038596,,,,,
MacKenzie Blackwood,G,,,,,,,,,20.82433633996821,93.85182204460091,867.5774901524151,2.3077207957924926,3.543915915007965
Mats Zuccarello,RW,14.643038743650626,35.1624954765203,0.011352981012068403,15.820268086752192,0.00796159261203612,138.63962271370286,30.836504394382377,35.841284122526204,,,,,
Morgan Frost,C,18.854359290350036,24.878129883642014,-7.692261458208253,14.954140198120545,0.016422546439699946,148.5496530025397,67.17137927473152,46.73678626903623,,,,,
William Borgen,D,4.794679972558557,14.972863618421828,-2.8896486567787223,0.05285646676765435,0.4082948245226826,87.31869142841722,122.99682059695755,120.65157697512291,,,,,
Ivar Stenberg,LW,18.614483229199617,32.03053656783036,0.01024390243902438,13.087276211494885,0.0,148.4050218634942,94.6473922613808,34.146341463414636,,,,,
Alex Wennberg,C,15.20600304328402,30.40702018808538,-3.5125182369127548,11.655848140368754,1.1504812628399075,99.21721305671426,37.17525591552787,87.93677762256733,,,,,
Ben Kindel,C,18.405756490823315,21.66238135299283,-0.2827240437609402,9.363667194580236,1.7082116599794306,159.88254154722657,43.2663880418681,61.94273115714781,,,,,
Zayne Parekh,D,7.472692139350116,14.768325886262593,-7.3959662795231385,9.528670156798837,0.02254006721801118,95.22232154397905,57.95914183926566,75.63507255429866,,,,,
John Marino,D,3.8918153381052143,25.746917552211237,3.507585738429569,0.058170017936502894,0.6591310108928227,59.99337155604193,39.310571759320815,84.14221819844153,,,,,
Brett Pesce,D,2.853297902059767,12.645852262892353,-0.9147280198361896,0.05349438454150266,0.45848993813610817,91.51465304927649,38.05661913676101,137.4136569693671,,,,,
Filip Gustavsson,G,,,,,,,,,17.78060215277404,97.2502582558959,899.403930605918,2.1398076733328923,4.07089417032263
Elias Lindholm,C,15.657947887497993,27.446605406765492,-2.8154826292782076,10.975110052708544,0.6254334530243143,132.84677991966092,72.44735347083429,66.54748738027165,,,,,
James Hagens,C,19.987560906205616,25.77438920917047,-0.13536585365853682,11.98770687541874,0.0,150.79519479575146,87.54883784177724,31.04390243902437,,,,,
Kaiden Guhle,D,5.220068307063579,15.322468956559918,1.093869244039462,0.02626502897665143,0.4531753528185736,78.38926958982698,113.01844166826342,118.00737616526197,,,,,
Brandon Bussi,G,,,,,,,,,23.6007691654908,108.0761030152016,926.968288523512,2.5749857296385956,4.09980770862732
Tyler Kleven,D,4.012401866143544,14.357357146690449,1.1752260784497432,0.16011343316795368,1.5603992574316932,95.43816593041653,125.25956681764895,110.200827054662,,,,,
Jonathan Huberdeau,"LW,RW",17.952973281766504,28.158407044662823,-7.693529996335778,14.73579016663346,1.6307019144350956,136.4284349945334,53.19975478892109,49.952307668532754,,,,,
Darcy Kuemper,G,,,,,,,,,16.912001293467,98.76550446507815,911.274194622981,1.9323154588680285,4.52199967663325
Jared Spurgeon,D,2.8186267096894126,15.313901132224217,2.8959589225266393,3.4451192158680297,0.10761441684793523,77.3917587085116,76.88743305591274,124.90552212537521,,,,,
Nick Perbix,D,4.227961603109496,16.737751805579038,-4.626435314874613,0.12741734691188972,1.6805170288998312,81.22438846097363,57.67508372469248,107.1866252858091,,,,,
Drew Helleson,D,4.571890891415953,17.254074950533447,-4.62664963868987,0.0814118707964355,2.0096914640849346,72.93201339499625,94.56046756592256,109.57383671364636,,,,,
Bobby McMann,"LW,RW",25.530228774380273,18.189059446102107,-6.041987576809424,5.662604711315823,0.09045374807600032,189.820432660134,157.4991715694417,29.721069364019247,,,,,
Nick Seeler,D,1.3310831781278287,11.13074200443369,0.42191471877159425,0.049050266320779884,0.5882351031958645,80.7030595190364,123.83270771800252,159.67833870266395,,,,,
Zach Whitecloud,D,2.483349659286941,14.52265303147788,-9.25276081215338,0.10482094072228282,0.3791165564118943,68.80289795266195,124.33480328130484,144.27392770877944,,,,,
Chris Kreider,LW,23.153076974439525,23.384336004543307,-1.8482207076714372,14.848118496856907,1.0473894795702303,164.00027158888648,82.34711229352746,25.751089660101602,,,,,
Dante Fabbro,D,5.549743512107286,12.56268875959929,0.35038435057953365,0.06788352250094383,0.11991153929780365,78.10482574644685,75.47473950313832,128.01454339525748,,,,,
Ryan McLeod,C,17.366281511228586,34.54744783398899,2.37536605418715,5.209334935909438,5.047402312099594,105.47887326052174,28.82095336459874,36.81322245498979,,,,,
Connor McMichael,"C,LW",18.777982031773114,28.84846211533284,-2.257979442329917,6.844001819061524,1.5664370245560995,152.66873909157508,49.91523333580898,44.35521176103131,,,,,
Charlie Coyle,C,17.65884370430245,27.755358296542877,2.4924347140566536,7.148251832188992,0.8618655433605541,130.23646328967516,108.39715461924372,54.42598843467327,,,,,
Tyson Foerster,"LW,RW",25.605637563085608,18.498286241715213,2.1483903012067858,8.794780311168783,0.5903691239043035,152.22981234128164,73.34108100580983,52.87283242263123,,,,,
Ben Chiarot,D,2.090242992731837,10.020927140435477,-5.104634436651195,0.0755587209385902,0.08766969217914605,88.04221845834286,142.5227244440733,150.21857115142086,,,,,
Mario Ferraro,D,3.9409301564415697,13.237547740937345,0.31477640271281093,0.07121144628401045,0.3303555931894732,79.22977220874442,118.02453226628043,127.11438033095334,,,,,
Blake Coleman,"C,LW",18.625221802279913,19.825353072478446,3.5983417260834405,3.63253520377576,3.095524092696383,194.65634467738806,161.53237937757993,56.43799777811379,,,,,
Tyler Myers,D,2.9301846783158716,14.332413392200671,2.9943957047434027,0.06538570337449685,0.8193533020793625,80.71854756033376,90.1300596315513,122.16459061605116,,,,,
Matt Duchene,"C,RW",19.07815547864667,33.11674418751484,4.822213472494651,10.968945163393313,0.009752721275058716,120.13168020818905,40.88388196105168,29.43724095369765,,,,,
Alex Lyon,G,,,,,,,,,18.180405157215,101.03014154788485,906.483289107004,1.7592971857415989,4.20489871069625
Pierre-Luc Dubois,"C,LW",16.620701098648254,33.47279108223698,4.578528287123836,12.081560694040038,0.15071168777316427,125.44140749155149,65.68274489166097,42.65591418795294,,,,,
Mason Marchment,LW,21.401310058369013,28.873047450194417,0.3352694581513527,9.28632842740882,0.039668619586017806,140.5732481512125,94.47703856403801,31.55853678669614,,,,,
Calum Ritchie,"C,RW",19.961502074298956,26.418509365873465,-5.700693035550141,18.55978831352477,0.0,124.27751088830254,37.703455140098654,43.576157987836396,,,,,
Connor Murphy,D,1.8494518846934063,13.295120249379613,5.15323097129019,0.035048102773703856,0.6310814932784793,69.22834584700102,100.91520566631596,144.98482842651111,,,,,
Rasmus Ristolainen,D,2.196685438687738,15.917139529951347,0.9223156770973517,1.2596206948615338,0.671685072354536,88.26007742667956,85.27882727603767,105.31102127040421,,,,,
Ivan Barbashev,LW,21.632139674830608,30.932629921635357,7.037007551048188,3.6680278298709195,0.004076018062235061,128.55587861699527,125.5280215957539,37.00695465411891,,,,,
Brett Kulak,D,2.17562655767365,13.819013254695673,3.9792471425617,0.25729546007014087,0.058301322672017764,95.83823404820103,36.94152260154443,109.83025413311962,,,,,
Louis Crevier,D,5.536964318272476,13.70200096256634,-0.5326433310472152,0.07375340044952337,1.3999417799712846,90.62111851653401,108.55687138064289,92.78673653967333,,,,,
Joseph Woll,G,,,,,,,,,17.8408822029914,95.46703900016604,867.1241140850329,2.1843182203873135,4.2897794492521495
Kaedan Korczak,D,3.288788405634902,17.63426334319028,1.585872273467435,0.10167470697794369,0.167676064021937,72.60607452417437,101.08756082723482,101.88339251782816,,,,,
Simon Holmstrom,"LW,RW",22.1336415482306,25.793145108559436,-3.0466542801849354,5.135051700480163,5.465633695089096,114.16454644536205,29.833723729856782,53.586232701546095,,,,,
Matthew Robertson,D,5.772467084181133,14.216386620632212,-0.6529023160463165,0.16999615423932865,0.13862435498792336,85.86232209200541,109.72583138303823,93.40986801243362,,,,,
Artturi Lehkonen,"LW,RW",22.174476851166858,23.998742433009,10.283922837715071,3.8161813428630422,0.36640790321290184,153.87271527211698,48.27257092105112,36.58281788257874,,,,,
Jalen Chatfield,D,4.350461870676549,14.39845250727844,6.094609255196989,0.08345193582246903,0.4189037315617235,102.40532544915018,54.62805811862422,81.55378496437866,,,,,
Dylan Demelo,D,1.1874327141205094,17.892656471384182,3.094513918506544,0.08038962589693291,0.8305236837574739,61.64927048002656,118.65916960813192,118.49207207410711,,,,,
Ian Moore,D,5.008324234838375,12.498557939225881,-3.599322224035284,0.08451777629660177,0.9505391632682731,86.75639696257055,67.85397938193199,101.61646887421183,,,,,
Ty Emberson,D,3.0101544166011367,14.794531599787978,5.021119448969972,0.026674883789081897,0.2843197183924164,67.81540170614626,129.833081511394,118.69198737553891,,,,,
Samuel Girard,D,3.146135708743543,18.760202593309184,0.20798825857414072,0.07113425155408142,0.0805120161497415,68.99612239389609,49.13146831481635,92.15791159819273,,,,,
Dmitri Voronkov,LW,21.77094913820183,22.287978626109492,3.4242710294654857,12.145311452844242,0.004847169384354051,149.586322131967,109.26874119445517,39.867080131876904,,,,,
Dawson Mercer,"C,RW",20.25966672059197,20.896979747335312,-0.06651017945025943,6.686990651545954,1.4819539155365662,154.29674502197727,41.57678779268201,51.142789592656904,,,,,
Joel Farabee,"LW,RW",19.526363473697664,20.49796340741676,-7.656626074295452,3.73925452551751,3.6539871929468837,157.8463637114232,68.19054460273671,55.69483878741544,,,,,
Nate Schmidt,D,4.084710705093454,14.101534953842618,3.7848389182898927,0.2886628070464897,0.13294197903405,79.69165782163,83.29490613886084,101.26060351526115,,,,,
Kiefer Sherwood,"LW,RW",20.535322140109393,18.597803192351417,-1.3001461277119541,7.884807623575705,2.183804861081742,175.4057002982429,354.6271850996008,36.5054940520042,,,,,
Christian Dvorak,C,15.299666140021374,26.436737799660982,0.2548119104701019,4.793351061816599,0.5439516190547881,132.56415427386014,45.139613850401396,54.75431544629215,,,,,
Jonas Siegenthaler,D,1.818147783385078,13.837433204577087,-1.363250431860119,0.05781654940478127,1.005995822939697,65.94988518507924,89.05208484894021,126.23757363165849,,,,,
Mikael Backlund,C,14.445477142558047,20.963933068433786,-7.807976826452145,3.1740982767578028,2.872297932828147,184.68296285222908,38.794274404370206,37.55658672097192,,,,,
Ryker Evans,D,6.765491732729771,14.31364080133323,-6.392284900941909,1.3892310649038924,0.7371274519367859,60.98197339413947,81.14060840864772,94.2917160136335,,,,,
Niko Mikkola,D,3.2709630635472546,13.128204443764075,2.931647282164725,0.059525389565853036,0.23058081647060674,85.17448143935904,128.37976347355124,101.63892122617541,,,,,
Wyatt Kaiser,D,5.904052704790873,12.748635256364988,-8.387332206300037,0.0778496709798637,0.15598130523781664,82.16475272652958,56.494469538685465,91.21946016179925,,,,,
Theo Lindstein,D,6.746813019780975,13.69094645275882,-0.5067864834517611,0.0858441017827813,0.0820881668154359,82.6163001443696,67.8524738242692,79.910815597361,,,,,
Alex Nedeljkovic,G,,,,,,,,,16.55850707488831,108.9879807164939,942.34469739389,1.1513182732598646,4.61037323127794
Tristan Luneau,D,5.958276311835839,13.469478246811141,-2.5965816610240253,0.47523230250642107,0.0,84.85148766854759,59.3808186574912,81.76390425950049,,,,,
Mavrik Bourque,"C,RW",19.8934908973453,24.182380961478305,-2.4618212228375245,8.086989900036192,0.19653767587211263,149.05800752155156,78.62255451662192,30.348031633492447,,,,,
Cody Ceci,D,2.5891327112947127,13.557192713531883,-2.4749036921496597,0.0181801782691712,0.8377797258158791,65.77496314163432,60.0885970116092,118.87400489890213,,,,,
Erik Cernak,D,2.4318939485262994,13.877928527518959,5.96908227207742,0.08129587078478404,0.815553675086391,63.00081038918064,141.4875070911941,118.9884374771915,,,,,
Anders Lee,LW,18.483237828057973,19.976625670259384,3.818043185099737,5.2384584717326375,0.012372472022182583,187.06795830786825,99.55988646754591,37.97804670381475,,,,,
Joel Edmundson,D,1.6040575937002703,12.999916762942267,0.06261532711231979,0.2027441178087603,0.10420892345493786,79.65214339310545,97.48937773595235,110.1023793677402,,,,,
Ryan Lindgren,D,2.577877566240389,13.276826752036095,-8.980163613692211,0.08835632614947767,0.6470033826508644,55.0055330667477,72.64432717172036,125.77590866339766,,,,,
Timothy Liljegren,D,2.9978186949873615,12.456546504794092,3.0599830935266983,0.1507255952051028,0.3597178455339829,66.65840526507876,68.8842564923414,116.9495220806267,,,,,
Shane Wright,"C,RW",18.209533885348897,23.650151864616493,-5.163561317782497,9.83259393662253,0.022096405091069037,117.61702428183078,64.78307924041312,64.18657910601824,,,,,
Matt Savoie,"C,RW",18.342733584598395,23.129995247632074,4.839067727972504,5.831501893264204,1.3643014989333981,149.4778988464847,29.11940393492811,39.72744405951266,,,,,
Nicolas Hague,D,3.9582072189341826,13.124388436377904,-4.076354648549549,0.1051580507726007,0.6686906398342509,83.75984837005268,95.79429219937859,88.03078943111845,,,,,
Radko Gudas,D,2.0646397171175916,11.464118091890073,3.060617710806488,0.050436623677597,0.1653985176541859,74.1123353382647,181.37203807258936,119.16070600547212,,,,,
Nico Daws,G,,,,,,,,,17.35677228636519,99.04519346912785,866.1534561941064,1.910947218958631,4.410806928408685
Jonathan Marchessault,"LW,RW",16.77997337748311,23.345377119832918,-4.494700246713107,11.26724763673556,0.0016231375599793801,168.8119769303694,82.97348172831974,18.099976878546048,,,,,
Conor Garland,RW,14.857315024602562,23.710230352891493,1.4059991941403525,8.728659346518617,0.23964322063920895,158.28559607822473,54.153722697904364,42.50893422442277,,,,,
Tyler Toffoli,"LW,RW",19.851230653673866,21.106441365717856,-2.199858027472494,7.280045272116434,0.002644572579573062,159.48952178095533,54.99387529213355,30.181904989803453,,,,,
Yegor Chinakhov,"LW,RW",20.563578396572243,21.650107357608757,-0.11605692917590948,5.722994398662491,0.0012996291260149774,151.06548834559763,65.67626370436052,32.96968863101958,,,,,
Andrew Copp,"C,LW",11.909436619851185,30.044521615784962,-0.8544631651452039,9.596661578613498,0.9399887362647904,122.40910522660123,45.223270827803574,60.271361004015034,,,,,
Igor Chernyshov,"LW,RW",19.829781896691042,24.73763790417796,-1.3377648231019266,10.124060582891664,0.004726403377250593,124.80626560012973,55.968853207628804,33.70933770176227,,,,,
Adam Wilsby,D,2.6805392945396633,16.482996192021485,-2.5371800104939197,0.05571270944181152,0.1560668457496082,79.50997974791997,56.358504625225535,74.37231236666528,,,,,
Conor Timmins,D,1.8604125248499523,12.946241479068789,0.4845411057507092,0.024943903209967165,0.18547265513483582,66.01163272391344,62.18184430830687,113.50195710189757,,,,,
Philipp Grubauer,G,,,,,,,,,13.201694471098314,108.8214600506523,945.0326363627624,1.164040452130164,5.44957638222543
Sean Monahan,C,14.83639483356747,25.4890669512699,2.9844919080346832,8.00947702070347,2.333293745092193,127.57282358663517,46.56227682065977,36.894515750222936,,,,,
Sergei Murashov,G,,,,,,,,,17.474122587346915,104.70300547525524,892.669613724994,1.4786903816904975,4.38146935316328
Elias Pettersson (D),D,4.811741628975732,11.643270382144912,-10.920295399624896,0.08524820886439903,0.2270822433914474,68.71504198382509,129.72737479086416,98.52898223367589,,,,,
Tristan Jarry,G,,,,,,,,,20.37968724091601,99.51145495798676,842.313302056884,1.875324841209813,3.655078189771015
Brian Dumoulin,D,2.9381053182626227,14.524516264515082,-1.962794676580934,0.06091693988388036,0.3979880417972638,62.28336581868233,60.35288584942432,97.92597475242577,,,,,
Gabe Perreault,RW,19.35614096180811,25.10902485730057,-0.13126418460709774,9.34058347169231,0.0,121.77611647354574,49.45661334849601,34.77069250847284,,,,,
Ian Cole,D,-0.4616094792557983,12.686983547803543,-6.1822665770892655,0.03283204595300627,0.3973820897680057,34.46729021995194,85.30720941807682,156.4387383633046,,,,,
Frederik Andersen,G,,,,,,,,,20.75822272749883,97.53826386866135,826.6395744058796,2.026076640434273,3.5604443181253096
Taylor Hall,LW,17.37047220297729,26.13554570832318,6.495675666270558,7.569365622175196,0.009091574133869813,139.89385439191517,55.12432695153719,34.08983300432283,,,,,
Nick Jensen,D,1.4509855470167887,16.192217303622527,-3.504425933925051,0.050099797407201586,0.045429793306156624,54.74281937178792,63.62939512353319,103.38134251560814,,,,,
Maveric Lamoureux,D,4.326232984105616,13.229057705051376,1.211400392736485,0.0,0.0,73.65222780318,88.55016544902024,83.9775009603852,,,,,
Adin Hill,G,,,,,,,,,19.7794790497941,93.79641571683145,807.1953549389275,2.3119538392340777,3.805130237551475
Johnathan Kovacevic,D,2.264037465827433,14.455255573544337,0.21272761087571573,0.060453284894825786,0.11293902055345988,66.48840211142226,97.32243344798816,95.21757329961598,,,,,
Josh Norris,C,19.026817177737364,22.010629445040752,1.4250105865471172,11.231524078620211,0.0522070267288564,111.50116718100287,79.39626191004861,41.62499028697001,,,,,
Brandon Carlo,D,0.859402903601648,9.824282464221493,-2.635043929498156,0.040954257717195935,0.46149587861657326,65.42185884787932,88.79131534945168,125.72965799861625,,,,,
Claude Giroux,"C,LW,RW",12.190730494340244,29.14443457212743,3.0960544099705345,11.3668014125143,0.5019379186931406,131.2123988518534,63.542562090968055,29.558563732990002,,,,,
Anthony Mantha,"LW,RW",21.795951827114727,22.077445825453548,1.6691165714480518,7.1347350518445465,0.0,117.9201812300422,52.49792444329088,34.37706084446343,,,,,
Chris Tanev,D,0.3364586526715342,12.330707655246538,1.8096774895575305,0.048555720240050455,0.4195150778213972,34.80420661019174,39.93258240839579,141.19910026175774,,,,,
Yegor Sharangovich,"C,LW,RW",18.63862643302018,18.365296004678797,-9.611678399577144,8.12090977916349,2.352588012716056,150.86375596110616,29.11628245564706,35.624783954372155,,,,,
Jonathan Aspirot,D,3.504274194073034,12.161355661678227,0.14583150619808144,0.08228994042377108,0.11418405845331356,59.072672091313784,98.28893367362437,99.18280615623023,,,,,
Ryan Shea,D,3.385753977820399,15.059864109810071,5.3098685904198355,0.3359814629870646,0.1159632195139556,54.896582552324816,47.22635126756275,84.81571099908386,,,,,
Lawson Crouse,"LW,RW",19.269882067805653,16.76002627529211,1.7258748474611267,2.349026393984583,1.708898758678815,145.97398511352782,200.726984601888,55.829310978034826,,,,,
Nils Lundkvist,D,3.034916071282999,14.072227141906959,5.379065282726301,0.08617815547375952,0.019549064262547714,74.41468652084902,53.27479618877778,71.86671603710788,,,,,
Trevor van Riemsdyk,D,-0.22321811324413807,13.657840136258951,0.07188864769265264,0.08048668252158117,0.26160735785435074,41.84123793541438,34.509138367471664,125.78275114165885,,,,,
Kaapo Kakko,RW,16.50610271040104,28.68959217084056,-5.49205667649258,9.840224915142537,0.006859812101057506,112.78476452859772,51.36624786182393,21.717735476617204,,,,,
Jake Neighbours,"LW,RW",19.22347809558529,22.8798541309702,-0.9469767179576772,9.53898321858192,0.02461603310898129,109.57652902828463,153.45522719163165,43.23323574506193,,,,,
Mackie Samoskevich,RW,15.037502730378204,20.281249451513187,-5.41278464594585,6.4350068491951,0.022723263973740547,159.98746204885822,150.13165185042777,39.386455539671516,,,,,
Anthony Stolarz,G,,,,,,,,,14.596690204174989,81.62883023042299,750.8552822005731,1.3459573703956829,3.35082744895626
Roman Kantserov,RW,18.569095785348647,19.029455790590784,0.009390243902439015,8.466249898668408,0.0,146.43328677650442,91.09811505157903,32.86585365853659,,,,,
Ryan Poehling,C,11.847321471683737,22.37756981717957,-3.196049224788255,0.1504777792686449,3.8751126244765786,100.30718772111244,49.83048848862178,90.09287844328226,,,,,
Troy Terry,RW,15.202895581072836,26.353017219671738,-1.4096001460280116,8.166167057802001,2.38269724630419,131.2942357736771,9.604492422680792,18.524392469547642,,,,,
Parker Wotherspoon,D,1.3981052046909455,15.416857125688837,3.361930764301398,0.06414170085165365,0.6445048833796482,50.97608832032507,114.4510584669968,89.93811340506299,,,,,
Jordan Binnington,G,,,,,,,,,16.146314263086804,104.53855682630606,873.9944276926101,1.4912542584702175,4.71342143422829
Josh Mahura,D,1.3143315102892474,12.876214415954951,-5.259237285136987,0.14466723771646042,0.4822294491862163,59.7053768718888,91.91265334174895,94.65068251034297,,,,,
Ross Colton,"C,LW",14.66683361182777,19.507336856518158,-1.934115531108721,2.754631642749317,0.1665224899047028,174.34090002709513,179.33652848587434,40.15723009479766,,,,,
Noah Cates,C,15.055362753492899,22.51784401461612,1.8303101663528765,3.6263471193417165,0.9007633046525081,114.77093971574187,92.81528616983485,49.32397105674476,,,,,
Marco Kasper,"C,LW",16.421619104710945,18.15621611692773,-1.7530056999497061,5.645672815706283,0.6815941685563646,152.68288327336526,176.7304405261774,51.08213288384428,,,,,
Easton Cowan,LW,16.313441160682828,24.612419811172725,0.8794872531610565,7.467337377708973,0.23097797014333826,122.34471522182238,88.31606447276666,40.45648272389889,,,,,
Thomas Novak,"C,LW",17.181955271679836,23.315707013752974,1.401399221254428,7.699722501631926,0.0062623804747680865,130.39260795090448,20.5173285189149,34.89266696107009,,,,,
Trevor Moore,"LW,RW",15.76679551730249,19.060239712111173,1.0183645669283636,1.856224824294304,1.409578571866088,160.38355713050026,66.20546866993801,37.081306140070815,,,,,
Jeremy Lauzon,D,1.9040231882040974,9.381947608033073,2.200859115566858,0.02957297133045522,0.08916801908021815,71.26886807175154,224.32080082834878,97.00348919743377,,,,,
Olli Maatta,D,1.471076535797897,13.90686573464155,1.9422059992826066,0.058365984510602056,0.041842206366021775,49.21996042614131,35.15022449030492,93.75655203858719,,,,,
Jiri Kulich,C,18.462432457178437,16.240105790307005,0.7112849693456164,2.6421872839758027,0.010027758131414224,137.00628029588782,52.32549290534173,44.64089643469645,,,,,
Elias Salomonsson,D,2.9848811870838303,10.759421910512645,1.0423320415294683,1.2896655008035762,0.16335028085130443,75.66660983418177,91.10547509215904,71.20098055273971,,,,,
Arseny Gritsyuk,"LW,RW",15.110115107326324,21.298291593157536,1.1774822024597715,2.7267574228497486,0.005729020021577483,161.14845414516793,68.94120691802573,23.12503459037483,,,,,
Hunter Brzustewicz,D,3.8367612648288447,12.207726467988262,-5.6999963565902565,3.1064187398330123,0.13593094034361553,66.96328829230636,59.19936322064564,61.430298188559014,,,,,
Dmitry Kulikov,D,2.384973984716754,11.45470651336638,3.173189529356629,0.05820129005785245,0.15813269147556036,65.28700794307942,103.67387242988325,82.0435048203955,,,,,
Henri Jokiharju,D,2.907070258053441,13.152240076648647,-1.3593214493055457,0.5970448374323993,0.12995311315950384,63.72798846690751,59.63136972258715,68.91543001128528,,,,,
Jack Roslovic,"C,RW",18.871713068845434,18.374213651706775,0.11140353492177085,4.297810582518347,0.0032346841873339693,145.54486748437424,44.39218429831731,28.525988484410718,,,,,
Kevin Lankinen,G,,,,,,,,,11.95403571390679,114.7711248982459,949.9012228304795,0.7094860577740145,5.761491071523285
Ridly Greig,"C,LW,RW",14.144441021029904,21.33931846829081,1.6321179214509487,3.6997577988556847,2.3038046529119067,128.6740834895468,111.21536394346707,51.96656036957162,,,,,
Logan Mailloux,D,4.954845245030862,10.044167855322476,-3.5171429039415942,0.8619903640759093,0.05549647281257585,72.69173506431774,81.22603547177988,60.51444573560197,,,,,
Noah Ostlund,C,15.265606660645519,21.585514209810313,2.2325389855628894,7.268610728715981,0.9710191307943546,94.89689010353754,24.727757438700657,52.18327981773049,,,,,
Albert Johansson,D,3.2291574224057413,8.950123101806723,-3.405155943028167,0.06599609436299916,0.8444221288687862,59.97886857224903,65.72973429619923,89.37922668109447,,,,,
Emil Martinsen Lilleberg,D,2.8115391269319456,13.709090095876856,5.734191936891078,0.042122036892546205,0.2219765233774072,56.853222442473886,109.75773171038657,67.74338739965444,,,,,
Jacob Fowler,G,,,,,,,,,15.79204834606329,88.363395417813,760.202173490622,1.373036590079088,3.55198791348417
Oliver Kapanen,C,17.404578500655727,15.274968707657404,0.7584143653574182,2.1696818576662444,2.0180999692873325,120.70849185241032,38.09852227246624,56.49836986764941,,,,,
Shakir Mukhamadullin,D,4.561702094776556,9.616227912833518,3.4201273614923693,0.14100999140663542,0.09764450034592399,58.43922749100983,53.08402661461736,77.78219389274068,,,,,
Emil Andrae,D,3.0156782384549263,11.371162302771417,2.191855559955043,0.13304965754366518,0.08700748397410134,56.1233359497809,81.74593782593489,78.75437852968267,,,,,
Justin Barron,D,3.742954157122845,9.860651177874514,-2.9281704584486543,0.4622759120047409,0.08445164766127465,57.88694914256537,70.25756724033741,80.98425613451133,,,,,
Jordan Staal,C,15.67004588439829,19.314291540274077,5.6543376484901655,1.3893116716636813,1.707443115912566,114.269505196098,159.17927801313317,49.79537865453418,,,,,
Frank Vatrano,"LW,RW",14.425935266471852,14.467364197201771,-5.039659680523412,5.338067830117586,0.6496359282779249,162.24037811480417,129.5241406562191,48.890104788328536,,,,,
Simon Benoit,D,1.1418070236251983,8.002604906273046,-2.006353264255556,0.010920543175107225,0.22853034360879967,57.73029759017898,174.5540622358126,106.45797532262468,,,,,
Brayden Schenn,"C,LW",15.9243664404132,22.550109523288306,-5.127699789267621,6.0219322874562575,0.03556860841110758,119.19321121555743,171.82979494579595,41.66627314438272,,,,,
Emil Heineman,"LW,RW",18.78709388911065,12.866335935691895,-5.1955017242459665,4.516834211363561,0.25270155532925626,147.83086472022947,214.7975694938542,47.559999417704304,,,,,
Oliver Bjorkstrand,RW,12.564478230818391,21.82827048309001,-0.8804193832721751,6.1297311344488,0.0,134.96307724744997,92.72092869825649,40.39452628422278,,,,,
Alex Iafallo,"LW,RW",14.006680920612544,17.832807771744648,0.6982896047597725,6.997895120957472,0.499271453920016,126.54581473333168,106.03465115506505,59.63267398201168,,,,,
Casey Mittelstadt,"C,LW",15.40990040196463,27.412912083669593,-1.6517449126011563,7.864874419779423,0.01105493822384743,98.43179987709709,33.89745527636538,28.339306443287914,,,,,
Zachary Bolduc,"LW,RW",16.74269840909435,19.00823434674173,3.879919302630534,7.435999083099752,0.007374810469391664,116.65354730085993,149.7169818227808,43.081041721075685,,,,,
Jacob Bernard-Docker,D,2.668812475175592,8.536882330781767,-1.2700510829154399,0.027947915384588927,0.19269769209892976,51.92062297290307,76.54003479805517,92.50478304259542,,,,,
Cole Sillinger,"C,RW",10.96481405174705,23.735344645871663,-0.3120661334710624,0.8483818253856648,0.7280402186090237,133.9556540021934,98.88362997167326,43.35539213585193,,,,,
William Karlsson,C,13.042805646626723,17.684149727447416,3.558221790797358,2.8627180858638934,1.9046225402576977,131.9931490859106,35.975090594161706,45.82865589030498,,,,,
Bobby Brink,RW,15.062128458967326,22.315140233176056,1.989725842001731,4.938816663248032,0.020197139373037947,114.32394308914078,90.73962628583831,39.85562714597355,,,,,
Jason Zucker,LW,16.290170444889224,20.821040035528153,1.7307626750067437,8.15811898295851,0.0030705028195340475,131.45728417726545,70.41441161449681,24.939397041128885,,,,,
Uvis Balinskis,D,3.209283804912041,9.40418535564048,1.7569593233982714,0.22664098080800463,0.006248466019705221,73.83400722751843,85.66968023972994,59.7359949908056,,,,,
Vasily Podkolzin,"LW,RW",14.777555807179883,18.553404496502644,6.435155738031165,1.9629881681383412,0.16366431541118787,130.03216189432956,212.31368674421364,49.29790981283861,,,,,
Emmitt Finnie,"C,LW",14.631876434914835,19.981511261878616,-2.012718011341736,8.071893842273678,0.15779125424475665,126.59373492147087,125.66009133923322,41.08857463089729,,,,,
Barrett Hayton,C,12.765405983351343,18.364782871383156,1.5659233516886153,6.702611725190967,0.4194042879288737,127.66542169923434,40.927495341430614,36.83188794392895,,,,,
Lian Bichsel,D,5.917729419299669,9.230812277441592,4.221552317416357,0.01765551968199367,0.06462404388499295,51.88866660863396,158.4926929608927,62.42427128644225,,,,,
Jamie Benn,"C,LW,RW",15.049791427184156,23.663721742640924,5.558053581237752,6.329085893062486,0.0,102.76667398299688,105.60138432467792,34.122437778433806,,,,,
Tyler Tucker,D,3.239127047473376,10.121695495722069,-1.971249936244928,0.0543712422177705,0.30596775465852066,63.24267792069873,102.13170910830571,60.86748861671145,,,,,
Nicholas Robertson,RW,17.446834394268166,15.883210339551503,-1.2880465921884463,4.310553375358703,0.061040235465005824,134.6040206178591,83.63543360248923,38.185016743483565,,,,,
Teuvo Teravainen,"LW,RW",12.358173579663168,23.45224804961211,-8.94053289967025,10.189466139117986,2.183249061310141,98.63863280019201,32.14146971691311,42.91537209082106,,,,,
Declan Chisholm,D,2.0136948799606844,10.612149735855606,-0.4225362119498979,0.12444662061532029,0.03600101476107451,57.342743526254694,48.19765498152794,70.41467801270474,,,,,
Matthew Wood,"C,RW",17.16489785880202,17.39146279262237,-2.854007867730443,8.193957405312497,0.01608881262638278,123.05420276404796,67.05804405498006,30.99777343440315,,,,,
Konsta Helenius,C,13.545168229103881,21.57601399488079,1.7928968902457494,0.0,0.0,118.29316147561181,84.47090835344456,31.78293948662316,,,,,
Matias Maccelli,"LW,RW",14.475620409322467,24.666215560380895,-2.8032715715694376,6.540149252916067,0.0,108.50705936409328,31.644552736500764,20.34200089075204,,,,,
Scott Mayfield,D,0.4711269228330171,8.782780493173114,-4.74076307912907,0.022316302709618704,0.25259483794044696,48.3142244397687,82.67724538192208,94.62322036288974,,,,,
Erik Haula,"C,LW",12.603634306476572,18.695317900825046,-2.404623783850223,7.884867149628636,1.0079479171574088,130.03064462939426,113.51320093725792,47.153387172325544,,,,,
Vincent Desharnais,D,0.3654770350741399,8.106405153491849,3.501064753756386,0.04532312817655045,0.26209874898783025,33.70834497798248,121.81122053785126,112.20306689254741,,,,,
Tyler Seguin,"C,RW",17.31504729240058,23.03686112939449,5.052981213425961,5.2142704466775,0.16494539121863627,100.89942038321264,46.56665671286231,19.83046027634463,,,,,
Fraser Minten,C,15.356721171043546,17.10778723061528,-0.2735045638461135,3.8999324793833754,0.8133110098272651,108.16921998387743,125.36223799033147,44.39819322307151,,,,,
Jean-Gabriel Pageau,C,13.026851502229395,19.51509764751886,-4.200436175489933,0.22256851138531764,5.8333917419762304,93.39759267140357,124.11853554226597,55.757512146191274,,,,,
Gabriel Landeskog,"LW,RW",13.206189977191997,20.244918493869683,6.623590275774229,6.020174793007293,0.019603854438835125,128.67540126266258,81.77425215702947,31.461845313535875,,,,,
Connor Brown,RW,13.800142088852393,19.592571007948866,-0.7899946365276861,4.8549570058830565,1.7333890461183188,119.77373234681045,32.010295596063315,38.63956559481043,,,,,
Drew O'Connor,"LW,RW",15.312255830210866,15.281486447239686,-10.285832595980514,0.101010846341939,3.40248976063143,139.5722870837348,79.88240156128543,41.444516566340994,,,,,
Ryan Graves,D,1.2536238775647228,6.205455794899465,-0.6768447984914658,0.006371990001763789,0.07228581935192108,52.22979362579637,78.00071948455525,97.58660728284022,,,,,
Collin Graf,"LW,RW",16.626637418613942,19.258245348868634,-2.416994968170929,0.8698508851658329,3.016859585606941,104.49611087610208,75.69722688554327,43.639428248487164,,,,,
Alex Killorn,"LW,RW",14.425675390269896,16.36055605397631,-2.6608864882045373,4.113181268080457,1.3087340974622188,144.3912378579519,75.25125925421766,31.06968627398162,,,,,
Jack Drury,C,11.091883474918921,17.893366268781893,-2.4615487170588493,1.6145253672138298,0.2830003538712559,114.65148148738605,56.14950924150237,61.639637638045286,,,,,
Fabian Zetterlund,"LW,RW",14.932234100523122,15.559229009036498,2.3742138270168396,5.310918046897032,0.05184341307944808,133.6122154709217,135.3206577299177,43.36765036840735,,,,,
Sebastian Cossa,G,,,,,,,,,13.120159666776225,72.76686971806636,654.3909310485681,1.1402391428250425,3.126152460291375
Jayden Struble,D,3.00755888165789,12.068177773510966,2.296917278863467,0.020073699596880965,0.008022205343270927,47.13661423170499,127.65714042164278,55.23931579338562,,,,,
Connor Zary,"C,LW,RW",15.92029750142303,18.083129610942805,-6.715024733550569,7.211258520406694,0.010682847744365858,124.66173209283278,50.94515947101572,25.76786139039518,,,,,
Dmitri Simashev,D,2.4557997695624465,7.709288251035753,-0.9695101300560075,0.04059281351103691,0.0537712385524692,65.38495222556784,50.950818155016485,65.64873820218395,,,,,
Ilya Protas,LW,14.4999123795378,20.276188357733353,-0.2721951219512196,7.76409883149384,0.0,123.4666613545596,85.18265303524272,29.67804878048784,,,,,
Kent Johnson,"LW,RW",13.453269506588589,20.670661839091995,1.020092339237455,5.4685196556782945,0.09092835934396509,114.78787001643049,21.760588463061374,35.33738068826573,,,,,
Casey DeSmith,G,,,,,,,,,14.063012773495402,69.46412355300275,623.7234643995525,1.46294096055059,2.73424680662615
Spencer Stastney,D,2.221331295902779,8.614884109016735,3.725618287783288,0.07382333144822384,0.48756577611049107,53.903928883994354,32.87382065302382,67.44552654338764,,,,,
Boone Jenner,"C,LW",11.518899643523401,19.444422571811927,4.000559088925157,1.564974230837227,1.010071546817741,122.66466436505445,124.43475022766044,58.36385552190077,,,,,
Sean Couturier,C,10.761613490178194,20.667352315060715,1.3108509955652117,0.3099812015128925,0.6880277687506394,114.10195138890617,78.1550562712978,41.6815924144199,,,,,
Akira Schmid,G,,,,,,,,,15.621024824687996,78.16108763486828,663.5995458159424,1.6108929046960625,3.094743793828008
Michael DiPietro,G,,,,,,,,,11.5189148962707,74.96534305198949,667.534656948015,1.0426477908280025,3.3702712759323252
Evan Rodrigues,"C,LW,RW",11.475192892299226,17.181184058035807,0.5530371907206741,4.319779132962127,0.78705743848676,150.76448379915604,80.50436121571606,26.840108434652546,,,,,
Ryan Greene,"C,RW",14.094811630530488,18.865130891384222,-9.263303350748155,3.4209875461933317,1.377995155516748,112.71910305539717,55.46265103748766,39.39587284059086,,,,,
Linus Karlsson,RW,14.620724079538574,19.549319073677868,-8.916659419817162,4.8023947438308205,0.022670209284502557,118.38966385363007,88.17356622867302,25.893865176012305,,,,,
Zach Bogosian,D,1.3744517045208093,8.147963007782318,2.081152424470005,0.04430710432409356,0.06331827905659908,53.29312231997389,84.46461909408642,69.90032801356564,,,,,
Nikolas Matinpalo,D,1.0175481678054907,7.389039785635025,0.730722483654975,0.007052596188617752,0.8654343540552377,51.19487706923018,63.51098236346519,73.95798490711168,,,,,
Michael Amadio,"LW,RW",13.96314206142306,18.756293284930027,2.4913252085218622,0.23050573281862968,0.8658466779945836,101.48626497369722,102.36643188654075,49.19893674652609,,,,,
Ryan Donato,"C,LW,RW",16.324054955955354,17.400707406264065,-8.235044452746402,1.6363527653332344,0.0009197207576033895,120.05091436781078,84.95065740892792,21.822677500677965,,,,,
Vincent Iorio,D,1.4650976202361432,7.815137288433233,-1.1941079303008804,0.06078850607124351,0.11952549157216297,42.02589656177508,48.28605303487717,71.03120423407971,,,,,
Dalibor Dvorsky,C,14.364129961574616,14.536531726637763,-3.55718276386129,8.183735141196184,0.009481180645909602,108.16691814641327,87.53168485604847,28.999913921580326,,,,,
Filip Chytil,C,13.54133444106509,14.509665619302993,-6.432579498302265,4.1998200934256005,0.15788425819849428,128.56507215712864,35.17322201635102,21.17212585566524,,,,,
Brett Howden,"C,LW",17.266280317563428,16.38287618564759,2.9759033322458364,2.7122836694946626,0.6397960007856003,103.74316291527853,123.69135128067639,39.268585692452554,,,,,
Warren Foegele,"LW,RW",15.871404808237527,12.807676720422114,2.4824055616666665,1.873990140888885,0.2926311823581415,139.41586750875922,77.87779226189889,27.03482491534612,,,,,
Jake Evans,C,11.470778552416622,17.573728558990226,0.8857603154922261,0.06841656534790909,2.5711566436657507,87.75402082318995,106.29853739606293,58.17308824773937,,,,,
Adam Boqvist,D,2.285435457417609,8.457978443037627,-3.517658697399512,0.9179760007543821,0.008348971119498871,46.80814595895216,46.058754037458826,52.23546655098479,,,,,
Joel Hanley,D,-0.318121552929431,6.594227136575524,-6.641115374208692,0.02665747542083682,0.11509004553588219,25.751879974126695,64.90056227000682,100.39881297649914,,,,,
Noah Laba,C,11.374736686031255,18.02637266300363,-0.2460614188748946,4.288914777680188,0.3089416394686307,90.10939049529873,115.92065294848574,46.96350474172433,,,,,
Dennis Hildeby,G,,,,,,,,,14.6985908985522,68.50300969446025,587.523665537665,1.5363700593432374,2.57535227536195
Yanni Gourde,C,9.174979253795726,19.997279633003767,5.914025377302608,0.30406918106856534,0.47465009863316293,109.27245132528124,110.83011695939427,34.89747353559778,,,,,
Jordan Martinook,"LW,RW",11.57059633155317,16.662420613286272,6.240322781029098,0.06279557787359143,1.074770898662202,114.6471643665346,99.92723422987484,49.809763895400444,,,,,
Devin Cooley,G,,,,,,,,,8.58223312070835,77.62555724949,677.0765732317525,0.8394074261389649,4.1044417198229
Eetu Luostarinen,LW,10.938769967561193,19.98695747427175,3.522323826634157,0.08465813418356732,0.8621885792034173,100.24726671494018,140.62976755665744,56.52532145236328,,,,,
Pius Suter,"C,LW",16.17129861596899,16.376206176617508,-0.26288043094099967,2.4014048692828323,1.5904470441299754,108.86807052291509,52.98570128906497,31.502198428458595,,,,,
Adam Lowry,C,9.65395103277815,17.69109157348656,1.0848891896589776,0.0954178283842668,1.4944596640286976,92.8756802695909,154.35659162501392,57.19286111102655,,,,,
J.T. Compher,C,10.788718801719426,17.462883583073967,-3.048127376843228,2.709660597833397,0.47440482964814734,88.78299052452962,31.620312914447634,52.371238686122645,,,,,
Alex Newhook,"C,LW",16.74468646101755,16.45565894425577,1.646994166665901,3.3222532321836713,0.2677709545146583,103.59432787013868,80.92958533268266,31.66169263188854,,,,,
Jaden Schwartz,"C,LW",14.135728179901943,15.966405754094904,5.138902806496807,3.5653528469949753,0.1679856268415851,110.50804758549474,44.33980786292228,41.55943443370821,,,,,
Danila Yurov,"C,RW",13.877088987041123,17.460869799921852,1.678252633162282,2.512746451993046,0.1415259987287742,91.628983122345,70.544807165411,46.29047105661311,,,,,
Mathieu Olivier,RW,14.674987761817933,12.883003684999304,2.013528066221747,0.05140996696720232,1.18014548009809,105.3347602070632,230.21889933693447,57.20217247457921,,,,,
Nick Paul,"C,LW",15.15126784731914,14.973665293195678,-0.6271501251352812,3.2846592841152975,0.6913057996685475,114.84121512050835,91.00633785234858,34.44626049382125,,,,,
Victor Olofsson,"LW,RW",12.151661217254464,15.407795265716635,4.322326467581222,4.4320811338786505,0.0022118066062917574,126.28409939585946,30.971062906221402,22.662049748944234,,,,,
Parker Kelly,"C,LW",13.950079279121418,12.767206352909971,6.365877230929518,0.08720255137717255,1.8062054964275678,101.90255984513703,169.77712158062732,62.12831667124678,,,,,
Berkly Catton,"C,LW",11.6646816896194,16.76029170435677,-6.8028518202069,4.946938700196421,0.0,109.76293763701909,25.320778761896456,37.41126329491968,,,,,
Joonas Korpisalo,G,,,,,,,,,11.685265074405999,72.43184464560301,608.2054226517976,1.23620706907593,3.3286837313985
Ilya Mikheyev,"LW,RW",14.457084527255875,14.471033652823332,6.028728911687306,0.06742809618873517,2.507077429986346,116.12567870668964,36.173018596877945,22.213304129692915,,,,,
Charlie Lindgren,G,,,,,,,,,13.1649466319329,72.84591081520125,600.66502271447,1.204572413718625,2.958763342016775
Samuel Ersson,G,,,,,,,,,15.8561100140154,81.9450557252868,637.375854300828,1.863397742588088,3.53597249649615
Ville Husso,G,,,,,,,,,10.8195721434466,80.623691552402,662.01151658929,0.6103499653964876,3.5451069641383497
Teddy Blueger,C,10.52772956976915,15.872273041650802,-0.6399191313575423,0.1172679144586448,2.736825379473415,95.61747226211956,94.09768158111504,37.11822353294211,,,,,
Justin Brazeau,RW,12.70507267489192,14.199371234136182,0.3390556326462476,2.059054310829389,0.005201040654527447,101.59755011249038,114.91273509425494,45.497098993397074,,,,,
Daniil Tarasov (G),G,,,,,,,,,11.5980922263577,73.19826224039775,607.9676792587175,1.1776527648336124,3.350476943410575
Nate Danielson,C,9.760757988232028,16.07910088640438,-1.6303811100453733,7.656073258017201,0.020475674835009026,96.98357790150308,44.57741648473136,27.902475833429534,,,,,
Scott Laughton,"C,LW",11.869168010531418,12.84634450459208,-1.791003300345084,0.10926346096132655,3.493809270612709,114.4848733598251,139.37488987548844,50.24743444809608,,,,,
Ryan Strome,C,8.624791014977415,19.496429917893863,-7.287823444164399,2.7446887043792803,0.04697676646606909,94.25954016622312,45.01015389426393,26.061141280280996,,,,,
Elvis Merzlikins,G,,,,,,,,,12.2549514524607,73.16731571652049,599.7362311625775,1.180017079257835,3.186262136884825
Vitek Vanecek,G,,,,,,,,,10.2936537635479,77.52396091216525,638.181867278425,0.847169386310575,3.676586559113025
Phillip Danault,C,6.133907444936361,18.085623284723777,2.4758803249084465,0.41377117233641775,0.9148614075795379,94.35309865269042,68.14884323887976,47.33585726412503,,,,,
Arvid Soderblom,G,,,,,,,,,9.161836597569376,82.50782206387301,672.676346952385,0.4664023943201025,3.9595408506076497
Justin Hryckowian,"C,LW",13.139678629686722,15.989763675427211,5.170445422008777,2.5170080089932516,0.2635290647896521,87.67459800009351,116.50460203368326,44.25049540028958,,,,,
Nicolas Roy,"C,RW",10.540979808385075,17.39206959986292,5.3795429181869014,2.593701853584574,0.9366985721963421,85.17690829032388,78.92468543705782,43.21963783535507,,,,,
Gage Goncalves,"C,LW",11.542204538825633,19.94742539314881,8.341137563892556,3.037072941114511,0.029385911314590153,83.61104654769657,86.71601154102106,29.60262533862289,,,,,
Cody Glass,"C,RW",13.445093899209706,11.588085154703855,0.07963782268665764,0.36792327519700685,0.18815424307282116,106.19493127654205,52.74909531803843,41.525727760585596,,,,,
Jake Christiansen,D,0.4874994573647315,5.3005276359047695,0.2527713023224086,0.0026580689034310222,0.029257273653843948,40.78568097267967,51.355239956151294,46.04250032279557,,,,,
Michael Eyssimont,LW,10.25533296614329,10.934321458738406,-1.2759197236186028,0.4554077418064144,0.027831084879972143,146.82135651531638,97.44946318395104,31.08355072255362,,,,,
Morgan Barron,"C,LW",11.790648008183645,11.64053114455866,1.0023769141098726,0.0856275692961651,1.4096263792139223,111.63601327720998,154.32098398336487,49.37262612156358,,,,,
Max Domi,"C,LW",8.585824809918153,19.81178101401576,-1.0880128696453968,1.9825144201931777,0.001668619912840272,98.42012419252737,40.954378090286056,31.42744773613535,,,,,
Alex Texier,"LW,RW",11.481437018840651,16.3822269919809,2.4007785880316543,1.8699149228579057,0.0804763235867253,99.69149986061953,79.73349615524201,23.49019996528616,,,,,
Kirby Dach,"C,RW",12.368159975926563,13.147896583560936,1.3991655267657104,3.659859888001186,0.014714965295092402,88.74105754094367,93.67792940896038,43.854349492130055,,,,,
Michael McCarron,C,7.859678849812238,9.627749502264319,0.913216625036895,0.08729987786340981,0.6321606514328876,100.86318257307285,180.21996497946395,68.33905297416347,,,,,
Justin Sourdif,"C,RW",11.24437087277026,16.90250154202249,5.735014591939894,0.25844570819993623,0.1703165304377584,87.37051755062119,82.9002934772519,34.96340972105667,,,,,
Braeden Bowman,"LW,RW",9.57751953433162,19.122422556757336,2.2425157311333583,1.6504738412535962,0.006267487302995085,85.59563058113544,35.31327221756625,29.755319426184982,,,,,
Marat Khusnutdinov,"C,LW",13.021990628953883,16.016303247894903,-2.370836594725923,0.5921044443923537,0.3620120638089314,78.09386342471534,56.52107842082134,44.079717707017274,,,,,
Connor Dewar,"C,LW",11.333687082481557,12.964236001825281,-0.5594793589430292,0.05326903139778764,1.3782140033627874,100.5392408857738,150.10661957875067,48.65658445182617,,,,,
Frederick Gaudreau,"C,RW",8.419011795835246,15.496824809523122,-9.366457524163412,1.3630331089540462,0.2024876885111259,85.20141032444506,47.42031528309374,57.000238400362676,,,,,
Jonathan Drouin,"LW,RW",7.54071275467853,20.290965307223242,-1.869994671042631,4.402032972626146,0.004828850380897985,83.45528538243131,28.21985692756473,28.625485629100965,,,,,
Nino Niederreiter,"LW,RW",10.446243503882334,12.503522965233737,1.2994392955450376,3.865589976755321,0.0011307552420703963,112.95452098942779,98.94952569454453,29.456082404691497,,,,,
Jack McBain,"C,LW",10.063889184309746,15.402901302442325,1.9553457205840592,0.37979616340815775,1.150923202899902,93.48235979687887,250.45350023817574,45.338439566850575,,,,,
Peyton Krebs,"C,LW",9.461389837366031,19.270953166614905,1.2539450104387435,0.20650350498079895,0.48743277011061825,83.38461862347705,150.13467887829873,34.87107283275179,,,,,
Sam Steel,"C,LW",9.72281554483333,18.647428917935517,3.8853482445460887,1.4649327434540966,1.006814242843273,87.22282738663259,74.87925552624557,29.538991562733123,,,,,
Ethen Frank,RW,11.321135359184648,11.340928109314126,4.225849804092181,0.7185081691391787,0.019278315612081258,92.52202660242492,72.08743625910104,49.15870410940194,,,,,
Liam Ohgren,LW,10.28372195472421,13.298220903118606,-10.389410949060625,0.6715723623142105,1.4088355129029386,97.96258458409811,72.68171072168794,41.84092000169749,,,,,
Josh Anderson,RW,12.103659685341576,9.678761631315826,0.7897866861026803,0.1099180969276668,2.0407388268804794,97.81049538283749,145.56434943949336,43.76495447975209,,,,,
Noel Acciari,"C,RW",8.366410999855376,9.14834442149816,-0.2443965868515823,0.07200732872464308,0.4264328603118587,92.83873157546888,114.59126111128306,77.36695092141002,,,,,
Jason Dickinson,C,9.63081156920461,10.602487180502628,4.422470047557851,0.16630772096796106,1.2034769820730133,78.74195939475807,101.41092469756451,54.17412888683689,,,,,
Michael Carcone,LW,12.145373767085799,12.048285126697085,1.524813676741565,1.1368563188389327,0.004762555933146633,116.04365597931394,118.1338404723947,18.501929116181824,,,,,
Mark Kastelic,"C,RW",9.586936989447942,9.975682579364888,-2.2281908731458695,0.13388750204303845,0.8928173256084233,96.53555035675826,208.50915749285943,57.28263927381891,,,,,
Alex Bump,LW,13.659237223205752,14.34672877804464,0.7645075369760178,0.9270698460493637,0.018569476578167307,84.27332633645554,64.31422856532606,27.437557085233248,,,,,
Max Shabanov,RW,9.174478078651186,16.184821475281296,1.0873010431361436,3.99579137372681,0.0,86.20093796117344,50.04518399512118,25.966966357884495,,,,,
Alex Kerfoot,"C,LW,RW",9.592044271569149,13.568677942024392,-3.20346684654029,1.3645194959641838,1.4691683402370534,72.23153466330233,69.99384705029584,54.56570961788076,,,,,
Blake Lizotte,C,9.817686958282984,12.575148071060491,-0.6950852706557331,0.10940699253126386,0.5657502616088002,72.1325401245764,78.1316435767479,46.32022877906059,,,,,
Vladislav Namestnikov,"C,LW",9.234282602471689,14.377228323897398,0.9357707728640724,4.788944815114656,0.17486102413646545,86.41118681816783,89.67231313665494,40.75126966899366,,,,,
Pontus Holmberg,RW,10.229518104738851,13.039134135111908,6.959812118224611,0.21674493483915624,0.07558774100595081,88.34490576752768,66.64789590919932,38.69152945179337,,,,,
Michael Rasmussen,"C,LW",8.921918832503279,10.966094738209286,-2.333306219418419,0.6238117956889612,1.0742905500943336,85.55743870444002,105.18484896255137,67.64384624017389,,,,,
Nick Lardis,LW,14.047565632877467,11.432681496044273,-7.731610346715207,3.2844637292619927,0.0024312004343906993,91.0619107154213,86.41589245906731,23.840338857771528,,,,,
Dominic James,C,10.320767703731379,12.599684676684564,5.7061984556609495,1.3677477587006897,0.03726238061404601,84.83742811066378,94.72933803313208,23.359760175984068,,,,,
Anthony Beauvillier,LW,9.985574033728765,10.020752202648948,3.3548101225419313,0.1272763114386276,1.339984150060705,112.09847575550336,88.73003591630395,38.39324551595508,,,,,
Justus Annunen,G,,,,,,,,,8.926647435500799,60.220236870662404,498.84250776301997,0.815173903081392,2.7683381411248
Denver Barkey,LW,9.67487520423361,17.23484488771416,0.720654081640199,3.727209013322718,0.003846736440925217,73.1491136658401,69.33431864988468,29.754531067495222,,,,,
Oliver Moore,"C,RW",7.142935919245785,17.772168684000764,-6.63840450124929,3.2954353365088824,0.26988596735440373,79.97933508849444,58.07095705603205,23.22340240881337,,,,,
Brad Lambert,C,9.586714509216389,12.732771487777208,-0.08226357263216684,4.066816820218511,0.0,78.59989329968285,60.59645215621914,21.903770876371762,,,,,
Stuart Skinner,G,,,,,,,,,9.69547114616934,55.849754570708605,461.43320189080396,1.149078750797862,2.57613221345768
Nils Hoglander,LW,11.63395610422085,13.357086373620719,-1.1077650123562388,0.6668896048713541,0.0012842826661093078,91.98094845822003,93.22218168373672,22.879612391267703,,,,,
Corey Perry,RW,11.96945930966257,10.637734603285246,0.08309268957201375,3.2525130256958925,0.0,90.5437877475024,46.34184091550651,23.596615513558554,,,,,
Arttu Hyry,"C,RW",10.128684784706044,11.303447696179413,3.4900403028346303,0.07397038712355794,2.256995220285559,92.70455932277396,92.08375572542343,29.10083286186703,,,,,
Yakov Trenin,"C,LW,RW",7.862679364361746,12.090244150824915,3.0404762031173584,0.08614150463887611,0.47825501838553097,95.50861855520854,315.7208750042444,37.3091688496379,,,,,
Sean Kuraly,"C,RW",5.3951722582527175,12.039802800793462,-2.1844883772788455,0.07199833944724565,0.34310273543180975,100.30305752274045,114.84415939383453,46.78201609132642,,,,,
Joel Armia,RW,9.254799310240113,11.109119897342435,-1.7200244910643938,0.096655327461984,1.4657081888962231,88.5092595197292,81.29945730683829,37.2792578865631,,,,,
Alexei Toropchenko,"LW,RW",6.8344202374602006,9.978212987298159,-3.6115837457297877,0.06375827413674852,1.6625612304301514,87.91826468617617,169.47421568731173,58.335601039297195,,,,,
Adam Klapka,RW,8.11857976383498,11.644518008395224,-6.9395200414581595,0.6417323794989526,0.001165658583533154,83.39993853280104,249.04640233761887,46.882227472062766,,,,,
Tye Kartye,LW,9.344114516070608,13.1549779127444,-1.8240811381119477,0.07398245322900938,0.5238938383960218,77.22437130896205,201.98861270315788,43.391429424238176,,,,,
Isak Rosen,RW,10.352860030612426,11.165357697289503,-0.20659448463769672,5.037901901438194,0.0,75.16629652909978,42.577520555267846,33.047646185768095,,,,,
Colton Sissons,"C,RW",7.218176164305054,9.15936153214845,-0.11913064792060045,0.6492698410234244,0.6993203435933042,87.50415218320795,114.97705946266134,57.559342172476775,,,,,
Keegan Kolesar,RW,7.865262360767908,12.599449651230724,-3.4374717899657976,0.15326258151903027,1.254545894636445,74.0547240765286,239.99059160635838,43.68953283165481,,,,,
Andre Burakovsky,"LW,RW",7.331767932465152,15.049680870564067,0.12983764319195598,3.173293796181423,0.015481663045603038,74.56740304321275,32.45194966917453,27.839197949723577,,,,,
Adam Gaudette,"C,RW",13.357722684332527,6.724391292422597,-1.6004216457785876,0.16707903171617233,0.007073920989495316,87.33423733179869,71.12264625200442,33.694338528447695,,,,,
Nic Dowd,C,6.595856444016828,11.296150884681873,2.1024368172504952,0.07248831300698612,0.8229189384786453,62.99242799786294,125.50844090795947,52.75631335113064,,,,,
Nick Bjugstad,C,7.233963681524532,7.624304061501267,-0.675187061008808,0.09431523994909434,0.5768356171563654,96.67369634535791,121.59691578546864,37.62511095846093,,,,,
Tanner Jeannot,"LW,RW",7.192775913996606,11.287210166877399,-2.6359699602558364,0.13972660283292734,0.25233562035668156,75.49625946913845,219.01625875998596,51.85428085043509,,,,,
Steven Lorentz,"LW,RW",7.5645761072704865,10.175375953219122,0.2375398490293551,0.023876786414699848,1.9243374951824401,76.51680318913354,172.44559314502666,51.72987095829175,,,,,
Mark Jankowski,C,10.482195157191358,7.130185853116498,6.579891435000277,0.2847819242871805,0.12754081881637683,70.31008540432452,61.221317935550324,43.007697930444884,,,,,
Sam Carrick,C,6.777933673911153,8.515459727219483,0.6568057004810494,0.026798043801795055,1.9905899173531534,82.36673856702488,128.99731240684326,41.30943801785312,,,,,
Andrew Mangiapane,"LW,RW",9.916847501653912,10.991512366402077,-7.351773500801343,0.11079758597995909,1.217010742895149,74.29058150807958,79.09697669413671,33.813001309655235,,,,,
Kasperi Kapanen,RW,8.383028618506529,11.67243545953955,3.171685988838184,0.3831891423766152,0.5421996870232262,87.44496837756368,104.91733141509985,25.131621943844223,,,,,
Marcus Foligno,LW,8.899933413179888,9.64777969715341,2.1741123467301606,0.12241567627427895,0.29287661718184405,77.74065256122377,217.72558828965052,53.17507850667467,,,,,
Taylor Raddysh,RW,7.84232695919533,12.380464764442303,-0.9178317881889959,0.5113019685379518,0.42501992393131643,72.87078146282423,68.67788618795234,37.69524337231406,,,,,
Daniil But,"LW,RW",8.023793313141182,9.2012037605598,1.6179130131891117,3.7006304400142565,0.39136329863858527,85.44417864610202,61.92985592822882,36.24040123475633,,,,,
Eric Robinson,"LW,RW",10.307224556492415,9.658820901249433,6.196461548988061,0.08105100637973944,0.6338185529577226,93.34325511850766,108.81522324340476,18.616260656301478,,,,,
Radek Faksa,C,3.6458003802819072,12.934996875434653,3.9214426311103963,0.029371747256684223,2.6381021524034938,55.49483533137625,111.28380378093853,53.78281350738508,,,,,
Mason Appleton,RW,7.652904405346196,11.07917223043279,-2.434648166248962,0.13120562057902838,0.8992063281066375,81.71712450687706,96.50436927288263,34.70229898984599,,,,,
Zemgus Girgensons,LW,7.387646925073294,9.06743250361633,4.926743579244168,0.0669833904307185,0.14761366337876974,93.84853593033486,180.02026291311194,45.84195688119207,,,,,
Ondrej Palat,LW,7.220186363017969,10.209489137171234,-4.243863243651761,0.5998664864215035,0.04102355934895308,77.40913417660067,117.02977519848301,55.10026803962426,,,,,
Martin Pospisil,"C,RW",5.408339788610543,13.397970035025777,-6.428083642121142,0.15839625585431127,0.3319374880013111,89.06113503679937,226.24431732987475,25.776311929933346,,,,,
Fedor Svechkov,C,6.090719541958426,11.729144865121958,4.471830919058175,0.836318744461803,0.33800275659397055,70.62755901142025,65.14596080825113,29.59588747091983,,,,,
Max Sasson,"C,LW",11.86542978136258,8.504701663049643,-8.825193274785653,0.5338149966658677,0.429483166898284,70.44368898416825,51.272892086489385,38.71356016623514,,,,,
Hendrix Lapierre,C,5.279762814422398,14.300004974758846,-0.4057379079753729,0.0795361315516353,0.004423072992884675,61.633830343787075,63.768701296372484,28.440784871923157,,,,,
Zachary L'Heureux,LW,8.45090409919277,9.577832825915316,5.776502801152154,1.5771715614895474,0.3706286857396884,84.2027118620928,175.65418515367446,36.41261030382802,,,,,
Anthony Duclair,LW,9.394540148478148,10.42538725681071,-3.8725144159321956,2.075744068825097,0.0020573601094128076,71.93267827260868,34.14894591370971,37.434799153709335,,,,,
Otto Stenberg,C,7.122103631739595,11.963499437218914,-1.5827943061308982,0.4194592150815658,1.344366611793305,60.435826860470065,90.94883920652565,28.15252971502756,,,,,
Cole Koepke,LW,8.808450044450455,9.359166486509004,0.5205931831589102,0.02033469275908729,0.7474462818244313,95.14256090317006,193.27899510136172,26.27693204226368,,,,,
Alex Turcotte,"C,LW",6.219396877649543,13.632407067482314,0.009430178053956215,0.36370000006463743,0.0082644034639845,75.69757517701404,65.15368943474643,35.983963554873725,,,,,
Stefan Noesen,RW,8.222326066098011,9.723736410723467,-0.11574806867825173,2.0463993637984745,0.028456607705326188,86.07234065434575,92.18524507005601,24.4704272612438,,,,,
Jonathan Lekkerimaki,RW,9.285469128474,10.333894419513232,-7.181477650144355,5.2295847830507,0.0,69.96586074709411,70.51754249377099,23.840303269112077,,,,,
Aatu Raty,C,7.832008252403611,10.379848607705517,-8.474910613234147,0.10769448071646386,0.5363691734602771,71.51539002509907,158.88576972568933,22.65460389178774,,,,,
Miles Wood,LW,7.7143997749562345,9.190963599800378,-0.24225746871995774,0.07371620008245923,0.9190125348609164,99.22896486744648,89.6203717399347,27.26575315871613,,,,,
Dakota Joshua,"C,LW",10.599263484527501,9.90485574921544,0.7519282999666019,0.09441357258426308,0.38482286693412404,66.66822573850335,220.42766994133018,39.13804749764802,,,,,
Colton Dach,"C,LW",7.2534338881909965,11.720038034654177,3.783601522904931,1.5918629441248289,0.2003959406053872,75.06969530387845,233.0409281891397,35.97775575173586,,,,,
Nick Cousins,LW,7.179230935902319,11.203771943645243,2.459937692947876,0.07631797668292735,0.003760784191978103,80.84190447134914,144.3146656684984,37.07251160540942,,,,,
Trent Frederic,"C,LW,RW",8.039894572687585,8.561405034267057,4.103635992451569,0.3934532082871633,0.2048211875260449,87.83053869685651,186.02506960838085,30.88553560108445,,,,,
Jonatan Berggren,RW,8.03080727901999,13.482940613211554,-2.0752909430221935,0.8026648911680969,0.006473866603992483,69.3970779533988,57.313132209798084,19.276663180648672,,,,,
Conor Geekie,C,8.407578991453644,9.2233719812755,4.01763105441176,1.2424885245057626,0.0,64.82935187557797,124.44636819925351,29.19739877096444,,,,,
Casey Cizikas,"C,LW",7.088539630180797,7.518714301978689,-4.357308125099615,0.09892944948661375,1.3254120773908147,79.71471783642869,155.06308529048425,57.36574686159299,,,,,
Lenni Hameenaho,RW,6.275923844582989,11.476845717672544,-0.10715060329473937,0.06498155288475299,0.0,81.44873761278495,60.59020863390887,29.57234718871515,,,,,
Isac Lundestrom,C,5.522333314914121,9.779139659206932,-0.32381863637261105,0.11699097444057473,0.27392499116128366,60.70553705063894,56.565168857727556,45.315619135060054,,,,,
Nick Foligno,"C,LW",7.556394589416078,11.400055924194415,2.128037154261041,1.0005970560503734,0.31942575817445606,71.90506164563988,159.42455463766004,35.364673086643464,,,,,
Elmer Soderblom,"LW,RW",8.363024026768764,9.942715164925973,0.1479031204879515,0.14414322125930132,0.06203092370352702,79.69119767845537,110.62131477669702,24.066911885747988,,,,,
Lars Eller,C,5.4940841056369365,8.64645106833738,1.9762199471641646,0.0878781287636421,0.5149879762972879,75.84883925569552,67.23088813625357,35.08904199869522,,,,,
Alex Holtz,RW,7.383821635998352,10.881650416896985,2.618241605760547,0.09242937070288897,0.044686100184365314,78.47642180534064,70.39503137676252,24.407387799045427,,,,,
Brandon Duhaime,"LW,RW",5.628013785611963,7.881968335397799,-0.09936847874393226,0.09471336653164115,0.9118834717314624,71.83487025005215,163.25232945738384,56.37399593068038,,,,,
Maxim Tsyplakov,"LW,RW",6.084797313549033,11.550152265276534,-7.1692247726323775,0.22216615985612473,0.000418628281280475,77.73966057262521,124.37786540257964,24.226947800704984,,,,,
Josh Samanski,C,7.65396155618436,9.41652016533656,4.110786390215088,0.036092294836765994,0.24019559533754042,49.205943353037156,70.8226201080956,34.67574913961275,,,,,
Filip Hallander,LW,6.8957631098107495,10.503374114946075,-0.27623685327069447,0.37488027674694463,2.1043336464409976,76.16990229173751,60.48853743103062,26.174751565683074,,,,,
Alex Steeves,"C,LW",9.137391787710046,8.428761421233178,-0.6548719375772192,1.4172586382798882,0.6819687439047297,69.3649636571337,160.7259237556028,31.2588014459058,,,,,
William Carrier,LW,7.160613271991091,10.146845067820305,5.836281844410952,0.04882204759324386,0.029668012260429328,83.3337236845752,174.98275117785786,21.0693412199309,,,,,
Isaac Howard,LW,6.992269982076649,9.859300382113494,2.9043751967512126,1.3665162424584307,0.0,84.23950188186733,54.65935531739241,19.5388177365353,,,,,
Colin Blackwell,"C,RW",4.755678772161538,10.002301637825552,3.5003288533435417,0.015273648709145266,0.855645214012296,70.84946521273774,118.38513249264149,36.59621762166119,,,,,
Paul Cotter,LW,9.72877718847406,8.152734445568298,-11.454182182360174,0.13993061122165618,0.016092824701682638,71.89556581665934,191.82240984057367,26.192865198370853,,,,,
Nico Sturm,C,6.463354551394893,7.62910809762301,1.6961617128621351,0.024939885906528913,1.0737813290827056,59.37596616111226,101.2458991843338,33.089385357037095,,,,,
Logan O'Connor,RW,6.787752410533954,8.56394702585828,4.75940953763002,0.0023092420653784787,0.9967912557997428,68.80557308456402,65.63154569507695,31.8063342464192,,,,,
Joe Veleno,C,5.244770327433162,7.230989827128086,-2.01562355377469,0.12839117114597468,0.23666966691432398,62.086395342649034,153.03761477581045,37.46102656705687,,,,,
Adam Edstrom,"C,LW",7.468114198572432,6.735040117622151,-2.3836564525096033,0.02233862899552096,0.34883062696587464,65.64287884391604,126.58826343507334,43.45806490494946,,,,,
Samuel Helenius,C,7.001047344975754,6.6404040972172425,-1.0794711907468788,0.04275185699647816,0.010216000067058096,57.86848810409531,201.42168454231532,27.66574119345036,,,,,
Oskar Back,"C,LW",5.864248841733982,10.137528035328142,4.872582006151464,0.04671194583951069,1.193823130851185,52.54564590861699,47.30256121078715,40.34599603820776,,,,,
Nikita Grebenkin,"LW,RW",5.9751171960231355,11.685581507818052,-0.6350560340410154,0.3465090898679963,0.003388938999354202,49.11408614216837,111.21821556717195,23.918605369553507,,,,,
Tim Washe,C,4.622244667892782,6.417774435935426,-2.900549139475778,0.03198383205700062,0.4189354485949231,55.167684204593264,126.04686942795757,37.302207002868656,,,,,
Ben Meyers,"C,LW",6.9699588852641465,8.539607698591741,-5.628409733690899,0.1050534465947815,0.32798667989040453,69.27894734993177,84.83414283269934,20.421741727808243,,,,,
Ryan Winterton,RW,3.577563711965107,9.304346839632185,-5.615550473268135,0.06273441902056141,0.3270153995097555,67.23948055968496,74.33179148265792,29.197403219320233,,,,,
Reid Schaefer,LW,8.055233348807306,5.614613020474478,-3.931191129337811,0.01819350733562942,0.3717963934412019,58.72479240150073,148.343186318861,41.25577916330348,,,,,
Brandon Tanev,"LW,RW",3.682609302548169,6.173855994936341,-1.2527161928859023,0.019056248874124302,0.057627516915880986,60.341969173645076,166.63408693403218,50.73753026735716,,,,,
Jeffrey Viel,LW,4.804195620405533,8.433782384718585,4.596652821783235,0.2006150266647435,0.014424323294285803,71.7729395180331,135.90956164231025,26.67737306050117,,,,,
Garnet Hathaway,RW,3.8241196255638386,5.3919442563122,2.649480962384467,0.05154356601262787,0.8025789721718171,53.38937583409135,246.2427697024711,57.5553465384544,,,,,
Jesper Boqvist,"C,LW",5.996068263647248,8.260098424839883,-0.8332742718453342,0.08723166956105126,0.11799732998820255,59.735019900359546,133.9627087143856,27.734332298299517,,,,,
Ozzy Wiesblatt,RW,4.5135287443350265,8.693862208913824,-2.4616707008464807,0.025369308295049835,0.47811017020206314,52.1968754971448,146.27663369785577,32.228723956237,,,,,
Landon Slaggert,"LW,RW",4.5967955654110755,6.798884798977327,-6.326271501164901,0.010200855892758477,0.3990473996763595,61.447319080618875,94.1648446074911,30.700948924482113,,,,,
Zack Ostapchuk,C,4.270181037793319,5.0066462665372535,-2.5881265736575365,0.06954341660465685,0.3561834831589953,50.640294819193024,146.99896701995237,34.355538159649335,,,,,
Jaroslav Chmelar,RW,6.375491627908137,5.483987149543295,-0.16315533442513552,0.15309820478592012,0.0014495417541043807,49.71499286540963,112.18102380251248,30.946271972593905,,,,,
Jonas Rondbjerg,RW,4.172121537750055,6.757297169092485,2.1070481152778306,0.0,0.3032878865845653,61.250598840356126,59.838244459903386,21.9862260010013,,,,,
Jacob Quillan,C,3.9095580311521068,5.565842627141322,-0.0961932468876016,0.036152933494477436,0.4200897963473592,42.83776935104976,110.1413938569861,30.758946587592508,,,,,
Jeff Malott,LW,3.0136319025759253,5.762652785340843,-2.3802208335874044,0.009502652098881553,0.040220909602778805,58.15030459594993,159.14268471773374,29.791118141853733,,,,,
Justin Kirkland,C,3.372259883884276,5.536641337315041,1.8841863933298784,0.03943064825779466,0.11768198669756884,33.25127828047973,89.75835965123588,27.423698678804744,,,,,
Liam O'Brien,"LW,RW",3.408246268954693,3.752121143954503,0.026872328359501162,0.02704586363622147,0.0,60.13645850394095,183.57053829196457,26.781593620262754,,,,,
Matt Rempe,RW,3.943508267790538,4.777150407976533,-0.18117716322876898,0.3985917817257066,0.0037727021400126293,44.12051660920056,156.17762381291388,19.666443816182365,,,,,
Jonah Gadjovich,LW,3.52646229196138,4.204192144705983,2.2129566425108735,0.025143344031938325,0.0,49.1282826024181,134.37029696828137,24.07154451627581,,,,,
